-- phpMyAdmin SQL Dump
-- version 5.2.1
-- https://www.phpmyadmin.net/
--
-- Servidor: 127.0.0.1
-- Tiempo de generación: 05-06-2024 a las 07:52:57
-- Versión del servidor: 10.4.28-MariaDB
-- Versión de PHP: 8.2.4

SET SQL_MODE = "NO_AUTO_VALUE_ON_ZERO";
START TRANSACTION;
SET time_zone = "+00:00";


/*!40101 SET @OLD_CHARACTER_SET_CLIENT=@@CHARACTER_SET_CLIENT */;
/*!40101 SET @OLD_CHARACTER_SET_RESULTS=@@CHARACTER_SET_RESULTS */;
/*!40101 SET @OLD_COLLATION_CONNECTION=@@COLLATION_CONNECTION */;
/*!40101 SET NAMES utf8mb4 */;

--
-- Base de datos: `vitalfarma`
--

-- --------------------------------------------------------

--
-- Estructura de tabla para la tabla `autorizaciones`
--

CREATE TABLE `autorizaciones` (
  `id_auto` int(11) NOT NULL,
  `id_detalle` int(11) NOT NULL,
  `docu_medico` int(11) NOT NULL,
  `id_estado` int(3) NOT NULL
) ENGINE=InnoDB DEFAULT CHARSET=latin1 COLLATE=latin1_swedish_ci;

--
-- Volcado de datos para la tabla `autorizaciones`
--

INSERT INTO `autorizaciones` (`id_auto`, `id_detalle`, `docu_medico`, `id_estado`) VALUES
(1, 1, 1122736351, 0);

-- --------------------------------------------------------

--
-- Estructura de tabla para la tabla `citas`
--

CREATE TABLE `citas` (
  `id_cita` int(11) NOT NULL,
  `documento` int(11) NOT NULL,
  `fecha` date DEFAULT NULL,
  `hora` time NOT NULL,
  `docu_medico` int(11) NOT NULL,
  `id_esp` int(3) NOT NULL,
  `id_estado` int(3) NOT NULL
) ENGINE=InnoDB DEFAULT CHARSET=latin1 COLLATE=latin1_swedish_ci;

--
-- Volcado de datos para la tabla `citas`
--

INSERT INTO `citas` (`id_cita`, `documento`, `fecha`, `hora`, `docu_medico`, `id_esp`, `id_estado`) VALUES
(2, 0, NULL, '00:00:00', 1104786412, 1, 3),
(3, 1003239087, NULL, '00:00:00', 1122736351, 5, 3),
(4, 1118723902, NULL, '00:00:00', 1104786412, 5, 3),
(6, 1106226573, NULL, '00:00:00', 1122736351, 5, 3),
(7, 2147483647, NULL, '00:00:00', 1122736351, 15, 3),
(10, 2147483647, NULL, '00:00:00', 1122736351, 15, 3),
(11, 1005717713, '2024-05-21', '15:23:00', 1104786412, 4, 0),
(12, 1005717713, '2024-05-21', '16:00:00', 1122736351, 15, 0),
(13, 838499393, '2024-05-21', '15:23:00', 1122736351, 15, 0),
(14, 1005717713, '2024-05-22', '06:43:00', 1104786412, 4, 0),
(15, 1005717713, '2024-05-22', '06:45:00', 1104786412, 4, 0),
(16, 1005717713, '2024-05-27', '13:00:00', 1122736351, 15, 0),
(17, 1005717713, '2024-05-28', '15:00:00', 1104786412, 4, 0),
(18, 1005717713, '2024-06-07', '08:11:00', 1122736351, 15, 6),
(19, 1005717713, '2024-05-30', '06:15:00', 1122736351, 15, 1);

-- --------------------------------------------------------

--
-- Estructura de tabla para la tabla `departamentos`
--

CREATE TABLE `departamentos` (
  `id_depart` int(11) NOT NULL,
  `depart` varchar(100) NOT NULL
) ENGINE=InnoDB DEFAULT CHARSET=utf8mb4 COLLATE=utf8mb4_general_ci;

--
-- Volcado de datos para la tabla `departamentos`
--

INSERT INTO `departamentos` (`id_depart`, `depart`) VALUES
(1, 'Antioquia'),
(2, 'Atlantico'),
(3, 'Bogotá, D.C'),
(4, 'Bolivar'),
(5, 'Boyacá'),
(6, 'Caldas'),
(7, 'Caquetá'),
(8, 'Cauca'),
(9, 'Cesar'),
(10, 'Córdoba'),
(11, 'Cundinamarca'),
(12, 'Chocó'),
(13, 'Huila'),
(14, 'La Guajira'),
(15, 'Magdalena'),
(16, 'Nariño'),
(17, 'Norte de Santander'),
(18, 'Quindio'),
(19, 'Risaralda'),
(20, 'Santander'),
(21, 'Sucre'),
(22, 'Tolima'),
(23, 'Valle del Cauca'),
(24, 'Arauca'),
(25, 'Casanare'),
(26, 'Putumayo'),
(27, 'Archipiélago de San Andrés y Providencia'),
(28, 'Amazonas'),
(29, 'Guainía'),
(30, 'Guaviare'),
(31, 'Vaupés'),
(32, 'Vichada'),
(33, 'Meta');

-- --------------------------------------------------------

--
-- Estructura de tabla para la tabla `det_autorizacion`
--

CREATE TABLE `det_autorizacion` (
  `id_detalle` int(11) NOT NULL,
  `id_auto` int(11) NOT NULL,
  `id_medicamento` int(11) NOT NULL,
  `cantidad` varchar(20) NOT NULL,
  `medida_cant` varchar(20) NOT NULL
) ENGINE=InnoDB DEFAULT CHARSET=latin1 COLLATE=latin1_swedish_ci;

--
-- Volcado de datos para la tabla `det_autorizacion`
--

INSERT INTO `det_autorizacion` (`id_detalle`, `id_auto`, `id_medicamento`, `cantidad`, `medida_cant`) VALUES
(1, 1, 2, '75UND', 'pastillas100ml');

-- --------------------------------------------------------

--
-- Estructura de tabla para la tabla `empresas`
--

CREATE TABLE `empresas` (
  `nit` varchar(10) NOT NULL,
  `empresa` varchar(50) NOT NULL,
  `licencia` varchar(10) DEFAULT NULL,
  `inicio` date DEFAULT NULL,
  `fin` date DEFAULT NULL,
  `codigo_unico` int(3) NOT NULL,
  `id_estado` int(2) NOT NULL
) ENGINE=InnoDB DEFAULT CHARSET=utf8mb4 COLLATE=utf8mb4_general_ci;

--
-- Volcado de datos para la tabla `empresas`
--

INSERT INTO `empresas` (`nit`, `empresa`, `licencia`, `inicio`, `fin`, `codigo_unico`, `id_estado`) VALUES
('12378945', 'Sanitas', 'UW7fYLp!qy', '2024-05-08', '2025-05-08', 123, 3),
('123852789', 'Caprecom', 'EvbgiISNp)', '2024-05-10', '2025-05-10', 852, 3),
('45685297', 'Nueva Eps', 'uQDbCnWCUn', '2024-05-10', '2025-05-10', 789, 3),
('4317284950', 'SURA', '0hryf(jn3h', '2024-05-10', '2025-05-10', 147, 3),
('2836147590', 'Compensar', 'RnMK#pg^KQ', '2024-05-10', '2025-05-10', 258, 3),
('9572841630', 'Salud Total', '3UJ6M#fXFd', '2024-05-10', '2025-05-10', 951, 3),
('8241763950', 'Coomeva', '4PwToKRs8K', '2024-05-10', '2025-05-10', 753, 3),
('6918472053', 'Medimás', 'r59gznHk78', '2024-05-10', '2025-05-10', 659, 3),
('7461593280', 'Famisanar', 'bxah@drLE(', '2024-05-10', '2025-05-10', 379, 3),
('6491275380', 'Comfenalco', 'v^ALy&62LO', '2024-05-10', '2025-05-10', 493, 3),
('5194837206', 'Mutual Ser', '!wWDGL@z#g', '2024-05-10', '2025-05-10', 813, 3),
('7985626269', 'Cruz Roja', 'L#gR1cIi@z', '2024-05-16', '2025-05-16', 512, 3);

-- --------------------------------------------------------

--
-- Estructura de tabla para la tabla `especializacion`
--

CREATE TABLE `especializacion` (
  `id_esp` int(3) NOT NULL,
  `especializacion` varchar(30) NOT NULL
) ENGINE=InnoDB DEFAULT CHARSET=latin1 COLLATE=latin1_swedish_ci;

--
-- Volcado de datos para la tabla `especializacion`
--

INSERT INTO `especializacion` (`id_esp`, `especializacion`) VALUES
(1, 'Medicina Interna'),
(2, 'Pediatría'),
(3, 'Cirugía'),
(4, 'Ginecología y Obstetricia'),
(5, 'Psiquiatría'),
(6, 'Dermatología'),
(7, 'Oftalmología'),
(8, 'Otorrinolaringología'),
(9, 'Cardiología'),
(10, 'Neurología'),
(11, 'Endocrinología'),
(12, 'Nefrología'),
(13, 'Reumatología'),
(14, 'Urgencias '),
(15, 'Radiología');

-- --------------------------------------------------------

--
-- Estructura de tabla para la tabla `estados`
--

CREATE TABLE `estados` (
  `id_estado` int(3) NOT NULL,
  `estado` varchar(20) NOT NULL
) ENGINE=InnoDB DEFAULT CHARSET=latin1 COLLATE=latin1_swedish_ci;

--
-- Volcado de datos para la tabla `estados`
--

INSERT INTO `estados` (`id_estado`, `estado`) VALUES
(1, 'Pendiente'),
(2, 'Entregado'),
(3, 'Activo'),
(4, 'Inactivo'),
(5, 'Activa'),
(6, 'Cancelada'),
(7, 'Disponible'),
(8, 'Agotado'),
(10, 'Ocupado'),
(11, 'Atendido');

-- --------------------------------------------------------

--
-- Estructura de tabla para la tabla `histo_clinica`
--

CREATE TABLE `histo_clinica` (
  `id_histo` int(11) NOT NULL,
  `documento` int(11) NOT NULL,
  `docu_medico` int(11) NOT NULL,
  `descripcion` text NOT NULL,
  `diagnostico` text NOT NULL
) ENGINE=InnoDB DEFAULT CHARSET=utf8mb4 COLLATE=utf8mb4_general_ci;

--
-- Volcado de datos para la tabla `histo_clinica`
--

INSERT INTO `histo_clinica` (`id_histo`, `documento`, `docu_medico`, `descripcion`, `diagnostico`) VALUES
(101, 2147483647, 1106226573, '', ''),
(102, 2147483647, 1106226573, '', ''),
(103, 2147483647, 1106226573, '', ''),
(104, 2147483647, 1106226573, '', ''),
(105, 2147483647, 1106226573, '', ''),
(106, 2147483647, 1106226573, '', ''),
(107, 2147483647, 1106226573, '', ''),
(108, 2147483647, 1106226573, '', ''),
(109, 2147483647, 1106226573, '', ''),
(110, 2147483647, 1106226573, '', ''),
(111, 2147483647, 1106226573, '', ''),
(112, 2147483647, 1106226573, '', ''),
(113, 2147483647, 1106226573, '', ''),
(114, 2147483647, 1106226573, '', ''),
(115, 2147483647, 1106226573, '', ''),
(116, 2147483647, 1106226573, '', ''),
(117, 2147483647, 1106226573, '', ''),
(118, 2147483647, 1106226573, '', ''),
(119, 2147483647, 1106226573, '', ''),
(120, 2147483647, 1106226573, '', ''),
(121, 2147483647, 1106226573, '', ''),
(122, 2147483647, 1106226573, '', ''),
(123, 2147483647, 1106226573, '', ''),
(124, 2147483647, 1106226573, '', ''),
(125, 2147483647, 1106226573, '', ''),
(126, 2147483647, 1106226573, '', ''),
(127, 2147483647, 1106226573, '', ''),
(128, 2147483647, 1106226573, '', ''),
(129, 2147483647, 1106226573, '', ''),
(130, 2147483647, 1106226573, '', ''),
(131, 2147483647, 1106226573, '', ''),
(132, 2147483647, 1106226573, '', ''),
(133, 2147483647, 1106226573, '', ''),
(134, 2147483647, 1106226573, '', ''),
(135, 2147483647, 1106226573, '', ''),
(136, 2147483647, 1106226573, '', ''),
(137, 2147483647, 1106226573, '', ''),
(138, 2147483647, 1106226573, '', ''),
(139, 2147483647, 1106226573, '', ''),
(140, 2147483647, 1106226573, '', ''),
(141, 2147483647, 1106226573, '', ''),
(142, 2147483647, 1106226573, '', ''),
(143, 2147483647, 1106226573, '', ''),
(144, 2147483647, 1106226573, '', ''),
(145, 2147483647, 1106226573, '', ''),
(146, 2147483647, 1106226573, '', ''),
(147, 2147483647, 1106226573, '', ''),
(148, 2147483647, 1106226573, '', ''),
(149, 2147483647, 1106226573, '', ''),
(150, 2147483647, 1106226573, '', ''),
(151, 2147483647, 1106226573, '', ''),
(152, 2147483647, 1106226573, '', ''),
(153, 2147483647, 1106226573, '', ''),
(154, 2147483647, 1106226573, '', ''),
(155, 2147483647, 1106226573, '', ''),
(156, 2147483647, 1106226573, '', ''),
(157, 2147483647, 1106226573, '', ''),
(158, 2147483647, 1106226573, '', ''),
(159, 2147483647, 1106226573, '', ''),
(160, 2147483647, 1106226573, '', ''),
(161, 2147483647, 1106226573, '', ''),
(162, 2147483647, 1106226573, '', ''),
(163, 2147483647, 1106226573, '', ''),
(164, 2147483647, 1106226573, '', ''),
(165, 2147483647, 1106226573, '', ''),
(166, 2147483647, 1106226573, '', ''),
(167, 2147483647, 1106226573, '', ''),
(168, 2147483647, 1106226573, '', ''),
(169, 2147483647, 1106226573, '', ''),
(170, 2147483647, 1106226573, '', ''),
(171, 2147483647, 1106226573, '', ''),
(172, 2147483647, 1106226573, '', ''),
(173, 2147483647, 1106226573, '', ''),
(174, 2147483647, 1106226573, '', ''),
(175, 2147483647, 1106226573, '', ''),
(176, 2147483647, 1106226573, '', ''),
(177, 2147483647, 1106226573, '', ''),
(178, 2147483647, 1106226573, '', ''),
(179, 2147483647, 1106226573, '', ''),
(180, 2147483647, 1106226573, '', ''),
(181, 2147483647, 1106226573, '', ''),
(182, 2147483647, 1106226573, '', ''),
(183, 2147483647, 1106226573, '', ''),
(184, 2147483647, 1106226573, '', ''),
(185, 2147483647, 1106226573, '', ''),
(186, 2147483647, 1106226573, '', ''),
(187, 2147483647, 1106226573, '', ''),
(188, 2147483647, 1106226573, '', ''),
(189, 2147483647, 1106226573, '', ''),
(190, 2147483647, 1106226573, '', ''),
(191, 2147483647, 1106226573, '', ''),
(192, 2147483647, 1106226573, '', ''),
(193, 2147483647, 1106226573, '', ''),
(194, 2147483647, 1106226573, '', ''),
(195, 2147483647, 1106226573, '', ''),
(196, 2147483647, 1106226573, '', ''),
(197, 2147483647, 1106226573, '', ''),
(198, 2147483647, 1106226573, '', ''),
(199, 2147483647, 1106226573, '', ''),
(200, 2147483647, 1106226573, '', ''),
(201, 2147483647, 1106226573, '', ''),
(202, 2147483647, 1106226573, '', ''),
(203, 2147483647, 1106226573, '', ''),
(204, 2147483647, 1106226573, '', ''),
(205, 2147483647, 1106226573, '', ''),
(206, 2147483647, 1106226573, '', ''),
(207, 2147483647, 1106226573, '', ''),
(208, 2147483647, 1106226573, '', ''),
(209, 2147483647, 1106226573, '', ''),
(210, 2147483647, 1106226573, '', ''),
(211, 2147483647, 1106226573, '', ''),
(212, 2147483647, 1106226573, '', ''),
(213, 2147483647, 1106226573, '', ''),
(214, 2147483647, 1106226573, '', ''),
(215, 2147483647, 1106226573, '', ''),
(216, 2147483647, 1106226573, '', ''),
(217, 2147483647, 1106226573, '', ''),
(218, 2147483647, 1106226573, '', ''),
(219, 2147483647, 1106226573, '', ''),
(220, 2147483647, 1106226573, '', ''),
(221, 2147483647, 1106226573, '', ''),
(222, 2147483647, 1106226573, '', ''),
(223, 2147483647, 1106226573, '', ''),
(224, 2147483647, 1106226573, '', ''),
(225, 2147483647, 1106226573, '', ''),
(226, 2147483647, 1106226573, '', ''),
(227, 2147483647, 1106226573, '', ''),
(228, 2147483647, 1106226573, '', ''),
(229, 2147483647, 1106226573, '', ''),
(230, 2147483647, 1106226573, '', ''),
(231, 2147483647, 1106226573, '', ''),
(232, 2147483647, 1106226573, '', ''),
(233, 2147483647, 1106226573, '', ''),
(234, 2147483647, 1106226573, '', ''),
(235, 2147483647, 1106226573, '', ''),
(236, 2147483647, 1106226573, '', ''),
(237, 2147483647, 1106226573, '', ''),
(238, 2147483647, 1106226573, '', ''),
(239, 2147483647, 1106226573, '', ''),
(240, 2147483647, 1106226573, '', ''),
(241, 2147483647, 1106226573, '', ''),
(242, 2147483647, 1106226573, '', ''),
(243, 2147483647, 1106226573, '', ''),
(244, 2147483647, 1106226573, '', ''),
(245, 2147483647, 1106226573, '', ''),
(246, 2147483647, 1106226573, '', ''),
(247, 2147483647, 1106226573, '', ''),
(248, 2147483647, 1106226573, '', ''),
(249, 2147483647, 1106226573, '', ''),
(250, 2147483647, 1106226573, '', ''),
(251, 2147483647, 1106226573, '', ''),
(252, 2147483647, 1106226573, '', ''),
(253, 2147483647, 1106226573, '', ''),
(254, 2147483647, 1106226573, '', ''),
(255, 2147483647, 1106226573, '', ''),
(256, 2147483647, 1106226573, '', ''),
(257, 2147483647, 1106226573, '', ''),
(258, 2147483647, 1106226573, '', ''),
(259, 2147483647, 1106226573, '', ''),
(260, 2147483647, 1106226573, '', ''),
(261, 2147483647, 1106226573, '', ''),
(262, 2147483647, 1106226573, '', ''),
(263, 2147483647, 1106226573, '', ''),
(264, 2147483647, 1106226573, '', ''),
(265, 2147483647, 1106226573, '', ''),
(266, 2147483647, 1106226573, '', ''),
(267, 2147483647, 1106226573, '', ''),
(268, 2147483647, 1106226573, '', ''),
(269, 2147483647, 1106226573, '', ''),
(270, 2147483647, 1106226573, '', ''),
(271, 2147483647, 1106226573, '', ''),
(272, 2147483647, 1106226573, '', ''),
(273, 2147483647, 1106226573, '', ''),
(274, 2147483647, 1106226573, '', ''),
(275, 2147483647, 1106226573, '', ''),
(276, 2147483647, 1106226573, '', ''),
(277, 2147483647, 1106226573, '', ''),
(278, 2147483647, 1106226573, '', ''),
(279, 2147483647, 1106226573, '', ''),
(280, 2147483647, 1106226573, '', ''),
(281, 2147483647, 1106226573, '', ''),
(282, 2147483647, 1106226573, '', ''),
(283, 2147483647, 1106226573, '', ''),
(284, 2147483647, 1106226573, '', ''),
(285, 2147483647, 1106226573, '', ''),
(286, 2147483647, 1106226573, '', ''),
(287, 2147483647, 1106226573, '', ''),
(288, 2147483647, 1106226573, '', ''),
(289, 2147483647, 1106226573, '', ''),
(290, 2147483647, 1106226573, '', ''),
(291, 2147483647, 1106226573, '', ''),
(292, 2147483647, 1106226573, '', ''),
(293, 2147483647, 1106226573, '', ''),
(294, 2147483647, 1106226573, '', ''),
(295, 2147483647, 1106226573, '', ''),
(296, 2147483647, 1106226573, '', ''),
(297, 2147483647, 1106226573, '', ''),
(298, 2147483647, 1106226573, '', ''),
(299, 2147483647, 1106226573, '', ''),
(300, 2147483647, 1106226573, '', ''),
(301, 2147483647, 1106226573, '', ''),
(302, 2147483647, 1106226573, '', ''),
(303, 2147483647, 1106226573, '', ''),
(304, 2147483647, 1106226573, '', ''),
(305, 2147483647, 1106226573, '', ''),
(306, 2147483647, 1106226573, '', ''),
(307, 2147483647, 1106226573, '', ''),
(308, 2147483647, 1106226573, '', ''),
(309, 2147483647, 1106226573, '', ''),
(310, 2147483647, 1106226573, '', ''),
(311, 2147483647, 1106226573, '', ''),
(312, 2147483647, 1106226573, '', ''),
(313, 2147483647, 1106226573, '', ''),
(314, 2147483647, 1106226573, '', ''),
(315, 2147483647, 1106226573, '', ''),
(316, 2147483647, 1106226573, '', ''),
(317, 2147483647, 1106226573, '', ''),
(318, 2147483647, 1106226573, '', ''),
(319, 2147483647, 1106226573, '', ''),
(320, 2147483647, 1106226573, '', ''),
(321, 2147483647, 1106226573, '', ''),
(322, 2147483647, 1106226573, '', ''),
(323, 2147483647, 1106226573, '', ''),
(324, 2147483647, 1106226573, '', ''),
(325, 2147483647, 1106226573, '', ''),
(326, 2147483647, 1106226573, '', ''),
(327, 2147483647, 1106226573, '', ''),
(328, 2147483647, 1106226573, '', ''),
(329, 2147483647, 1106226573, '', ''),
(330, 2147483647, 1106226573, '', ''),
(331, 2147483647, 1106226573, '', ''),
(332, 2147483647, 1106226573, '', ''),
(333, 2147483647, 1106226573, '', ''),
(334, 2147483647, 1106226573, '', ''),
(335, 2147483647, 1106226573, '', ''),
(336, 2147483647, 1106226573, '', ''),
(337, 2147483647, 1106226573, '', ''),
(338, 2147483647, 1106226573, '', ''),
(339, 2147483647, 1106226573, '', ''),
(340, 2147483647, 1106226573, '', ''),
(341, 2147483647, 1106226573, '', ''),
(342, 2147483647, 1106226573, '', ''),
(343, 2147483647, 1106226573, '', ''),
(344, 2147483647, 1106226573, '', ''),
(345, 2147483647, 1106226573, '', ''),
(346, 2147483647, 1106226573, '', ''),
(347, 2147483647, 1106226573, '', ''),
(348, 2147483647, 1106226573, '', ''),
(349, 2147483647, 1106226573, '', ''),
(350, 2147483647, 1106226573, '', ''),
(351, 2147483647, 1106226573, '', ''),
(352, 2147483647, 1106226573, '', ''),
(353, 2147483647, 1106226573, '', ''),
(354, 2147483647, 1106226573, '', ''),
(355, 2147483647, 1106226573, '', ''),
(356, 2147483647, 1106226573, '', ''),
(357, 2147483647, 1106226573, '', ''),
(358, 2147483647, 1106226573, '', ''),
(359, 2147483647, 1106226573, '', ''),
(360, 2147483647, 1106226573, '', ''),
(361, 2147483647, 1106226573, '', ''),
(362, 2147483647, 1106226573, '', ''),
(363, 2147483647, 1106226573, '', ''),
(364, 2147483647, 1106226573, '', ''),
(365, 2147483647, 1106226573, '', ''),
(366, 2147483647, 1106226573, '', ''),
(367, 2147483647, 1106226573, '', ''),
(368, 2147483647, 1106226573, '', ''),
(369, 2147483647, 1106226573, '', ''),
(370, 2147483647, 1106226573, '', ''),
(371, 2147483647, 1106226573, '', ''),
(372, 2147483647, 1106226573, '', ''),
(373, 2147483647, 1106226573, '', ''),
(374, 2147483647, 1106226573, '', ''),
(375, 2147483647, 1106226573, '', ''),
(376, 2147483647, 1106226573, '', ''),
(377, 2147483647, 1106226573, '', ''),
(378, 2147483647, 1106226573, '', ''),
(379, 2147483647, 1106226573, '', ''),
(380, 2147483647, 1106226573, '', ''),
(381, 2147483647, 1106226573, '', ''),
(382, 2147483647, 1106226573, '', ''),
(383, 2147483647, 1106226573, '', ''),
(384, 2147483647, 1106226573, '', ''),
(385, 2147483647, 1106226573, '', ''),
(386, 2147483647, 1106226573, '', ''),
(387, 2147483647, 1106226573, '', ''),
(388, 2147483647, 1106226573, '', ''),
(389, 2147483647, 1106226573, '', ''),
(390, 2147483647, 1106226573, '', ''),
(391, 2147483647, 1106226573, '', ''),
(392, 2147483647, 1106226573, '', ''),
(393, 2147483647, 1106226573, '', ''),
(394, 2147483647, 1106226573, '', ''),
(395, 2147483647, 1106226573, '', ''),
(396, 2147483647, 1106226573, '', ''),
(397, 2147483647, 1106226573, '', ''),
(398, 2147483647, 1106226573, '', ''),
(399, 2147483647, 1106226573, '', ''),
(400, 2147483647, 1106226573, '', ''),
(401, 2147483647, 1106226573, '', ''),
(402, 2147483647, 1106226573, '', ''),
(403, 2147483647, 1106226573, '', ''),
(404, 2147483647, 1106226573, '', ''),
(405, 2147483647, 1106226573, '', ''),
(406, 2147483647, 1106226573, '', ''),
(407, 2147483647, 1106226573, '', ''),
(408, 2147483647, 1106226573, '', ''),
(409, 2147483647, 1106226573, '', ''),
(410, 2147483647, 1106226573, '', ''),
(411, 2147483647, 1106226573, '', ''),
(412, 2147483647, 1106226573, '', ''),
(413, 2147483647, 1106226573, '', ''),
(414, 2147483647, 1106226573, '', ''),
(415, 2147483647, 1106226573, '', ''),
(416, 2147483647, 1106226573, '', ''),
(417, 2147483647, 1106226573, '', ''),
(418, 2147483647, 1106226573, '', ''),
(419, 2147483647, 1106226573, '', ''),
(420, 2147483647, 1106226573, '', ''),
(421, 2147483647, 1106226573, '', ''),
(422, 2147483647, 1106226573, '', ''),
(423, 2147483647, 1106226573, '', ''),
(424, 2147483647, 1106226573, '', ''),
(425, 2147483647, 1106226573, '', ''),
(426, 2147483647, 1106226573, '', ''),
(427, 2147483647, 1106226573, '', ''),
(428, 2147483647, 1106226573, '', ''),
(429, 2147483647, 1106226573, '', ''),
(430, 2147483647, 1106226573, '', ''),
(431, 2147483647, 1106226573, '', ''),
(432, 2147483647, 1106226573, '', ''),
(433, 2147483647, 1106226573, '', ''),
(434, 2147483647, 1106226573, '', ''),
(435, 2147483647, 1106226573, '', ''),
(436, 2147483647, 1106226573, '', ''),
(437, 2147483647, 1106226573, '', ''),
(438, 2147483647, 1106226573, '', ''),
(439, 2147483647, 1106226573, '', ''),
(440, 2147483647, 1106226573, '', ''),
(441, 2147483647, 1106226573, '', ''),
(442, 2147483647, 1106226573, '', ''),
(443, 2147483647, 1106226573, '', ''),
(444, 2147483647, 1106226573, '', ''),
(445, 2147483647, 1106226573, '', ''),
(446, 2147483647, 1106226573, '', ''),
(447, 2147483647, 1106226573, '', ''),
(448, 2147483647, 1106226573, '', ''),
(449, 2147483647, 1106226573, '', ''),
(450, 2147483647, 1106226573, '', ''),
(451, 2147483647, 1106226573, '', ''),
(452, 2147483647, 1106226573, '', ''),
(453, 2147483647, 1106226573, '', ''),
(454, 2147483647, 1106226573, '', ''),
(455, 2147483647, 1106226573, '', ''),
(456, 2147483647, 1106226573, '', ''),
(457, 2147483647, 1106226573, '', ''),
(458, 2147483647, 1106226573, '', ''),
(459, 2147483647, 1106226573, '', ''),
(460, 2147483647, 1106226573, '', ''),
(461, 2147483647, 1106226573, '', ''),
(462, 2147483647, 1106226573, '', ''),
(463, 2147483647, 1106226573, '', ''),
(464, 2147483647, 1106226573, '', ''),
(465, 2147483647, 1106226573, '', ''),
(466, 2147483647, 1106226573, '', ''),
(467, 2147483647, 1106226573, '', ''),
(468, 2147483647, 1106226573, '', ''),
(469, 2147483647, 1106226573, '', ''),
(470, 2147483647, 1106226573, '', ''),
(471, 2147483647, 1106226573, '', ''),
(472, 2147483647, 1106226573, '', ''),
(473, 2147483647, 1106226573, '', ''),
(474, 2147483647, 1106226573, '', ''),
(475, 2147483647, 1106226573, '', ''),
(476, 2147483647, 1106226573, '', ''),
(477, 2147483647, 1106226573, '', ''),
(478, 2147483647, 1106226573, '', ''),
(479, 2147483647, 1106226573, '', ''),
(480, 2147483647, 1106226573, '', ''),
(481, 2147483647, 1106226573, '', ''),
(482, 2147483647, 1106226573, '', ''),
(483, 2147483647, 1106226573, '', ''),
(484, 2147483647, 1106226573, '', ''),
(485, 2147483647, 1106226573, '', ''),
(486, 2147483647, 1106226573, '', ''),
(487, 2147483647, 1106226573, '', ''),
(488, 2147483647, 1106226573, '', ''),
(489, 2147483647, 1106226573, '', ''),
(490, 2147483647, 1106226573, '', ''),
(491, 2147483647, 1106226573, '', ''),
(492, 2147483647, 1106226573, '', ''),
(493, 2147483647, 1106226573, '', ''),
(494, 2147483647, 1106226573, '', ''),
(495, 2147483647, 1106226573, '', ''),
(496, 2147483647, 1106226573, '', ''),
(497, 2147483647, 1106226573, '', ''),
(498, 2147483647, 1106226573, '', ''),
(499, 2147483647, 1106226573, '', ''),
(500, 2147483647, 1106226573, '', ''),
(501, 2147483647, 1106226573, '', ''),
(502, 2147483647, 1106226573, '', ''),
(503, 2147483647, 1106226573, '', ''),
(504, 2147483647, 1106226573, '', ''),
(505, 2147483647, 1106226573, '', ''),
(506, 2147483647, 1106226573, '', ''),
(507, 2147483647, 1106226573, '', ''),
(508, 2147483647, 1106226573, '', ''),
(509, 2147483647, 1106226573, '', ''),
(510, 2147483647, 1106226573, '', ''),
(511, 2147483647, 1106226573, '', ''),
(512, 2147483647, 1106226573, '', ''),
(513, 2147483647, 1106226573, '', ''),
(514, 2147483647, 1106226573, '', ''),
(515, 2147483647, 1106226573, '', ''),
(516, 2147483647, 1106226573, '', ''),
(517, 2147483647, 1106226573, '', ''),
(518, 2147483647, 1106226573, '', ''),
(519, 2147483647, 1106226573, '', ''),
(520, 2147483647, 1106226573, '', ''),
(521, 2147483647, 1106226573, '', ''),
(522, 2147483647, 1106226573, '', ''),
(523, 2147483647, 1106226573, '', ''),
(524, 2147483647, 1106226573, '', ''),
(525, 2147483647, 1106226573, '', ''),
(526, 2147483647, 1106226573, '', ''),
(527, 2147483647, 1106226573, '', ''),
(528, 2147483647, 1106226573, '', ''),
(529, 2147483647, 1106226573, '', ''),
(530, 2147483647, 1106226573, '', ''),
(531, 2147483647, 1106226573, '', ''),
(532, 2147483647, 1106226573, '', ''),
(533, 2147483647, 1106226573, '', ''),
(534, 2147483647, 1106226573, '', ''),
(535, 2147483647, 1106226573, '', ''),
(536, 2147483647, 1106226573, '', ''),
(537, 2147483647, 1106226573, '', ''),
(538, 2147483647, 1106226573, '', ''),
(539, 2147483647, 1106226573, '', ''),
(540, 2147483647, 1106226573, '', ''),
(541, 2147483647, 1106226573, '', ''),
(542, 2147483647, 1106226573, '', ''),
(543, 2147483647, 1106226573, '', ''),
(544, 2147483647, 1106226573, '', ''),
(545, 2147483647, 1106226573, '', ''),
(546, 2147483647, 1106226573, '', ''),
(547, 2147483647, 1106226573, '', ''),
(548, 2147483647, 1106226573, '', ''),
(549, 2147483647, 1106226573, '', ''),
(550, 2147483647, 1106226573, '', ''),
(551, 2147483647, 1106226573, '', ''),
(552, 2147483647, 1106226573, '', ''),
(553, 2147483647, 1106226573, '', ''),
(554, 2147483647, 1106226573, '', ''),
(555, 2147483647, 1106226573, '', ''),
(556, 2147483647, 1106226573, '', ''),
(557, 2147483647, 1106226573, '', ''),
(558, 2147483647, 1106226573, '', ''),
(559, 2147483647, 1106226573, '', ''),
(560, 2147483647, 1106226573, '', ''),
(561, 2147483647, 1106226573, '', ''),
(562, 2147483647, 1106226573, '', ''),
(563, 2147483647, 1106226573, '', ''),
(564, 2147483647, 1106226573, '', ''),
(565, 2147483647, 1106226573, '', ''),
(566, 2147483647, 1106226573, '', ''),
(567, 2147483647, 1106226573, '', ''),
(568, 2147483647, 1106226573, '', ''),
(569, 2147483647, 1106226573, '', ''),
(570, 2147483647, 1106226573, '', ''),
(571, 2147483647, 1106226573, '', ''),
(572, 2147483647, 1106226573, '', ''),
(573, 2147483647, 1106226573, '', ''),
(574, 2147483647, 1106226573, '', ''),
(575, 2147483647, 1106226573, '', ''),
(576, 2147483647, 1106226573, '', ''),
(577, 2147483647, 1106226573, '', ''),
(578, 2147483647, 1106226573, '', ''),
(579, 2147483647, 1106226573, '', ''),
(580, 2147483647, 1106226573, '', ''),
(581, 2147483647, 1106226573, '', ''),
(582, 2147483647, 1106226573, '', ''),
(583, 2147483647, 1106226573, '', ''),
(584, 2147483647, 1106226573, '', ''),
(585, 2147483647, 1106226573, '', ''),
(586, 2147483647, 1106226573, '', ''),
(587, 2147483647, 1106226573, '', ''),
(588, 2147483647, 1106226573, '', ''),
(589, 2147483647, 1106226573, '', ''),
(590, 2147483647, 1106226573, '', ''),
(591, 2147483647, 1106226573, '', ''),
(592, 2147483647, 1106226573, '', ''),
(593, 2147483647, 1106226573, '', ''),
(594, 2147483647, 1106226573, '', ''),
(595, 2147483647, 1106226573, '', ''),
(596, 2147483647, 1106226573, '', ''),
(597, 2147483647, 1106226573, '', ''),
(598, 2147483647, 1106226573, '', ''),
(599, 2147483647, 1106226573, '', ''),
(600, 2147483647, 1106226573, '', ''),
(601, 2147483647, 1106226573, '', ''),
(602, 2147483647, 1106226573, '', ''),
(603, 2147483647, 1106226573, '', ''),
(604, 2147483647, 1106226573, '', ''),
(605, 2147483647, 1106226573, '', ''),
(606, 2147483647, 1106226573, '', ''),
(607, 2147483647, 1106226573, '', ''),
(608, 2147483647, 1106226573, '', ''),
(609, 2147483647, 1106226573, '', ''),
(610, 2147483647, 1106226573, '', ''),
(611, 2147483647, 1106226573, '', ''),
(612, 2147483647, 1106226573, '', ''),
(613, 2147483647, 1106226573, '', ''),
(614, 2147483647, 1106226573, '', ''),
(615, 2147483647, 1106226573, '', ''),
(616, 2147483647, 1106226573, '', ''),
(617, 2147483647, 1106226573, '', ''),
(618, 2147483647, 1106226573, '', ''),
(619, 2147483647, 1106226573, '', ''),
(620, 2147483647, 1106226573, '', ''),
(621, 2147483647, 1106226573, '', ''),
(622, 2147483647, 1106226573, '', ''),
(623, 2147483647, 1106226573, '', ''),
(624, 2147483647, 1106226573, '', ''),
(625, 2147483647, 1106226573, '', ''),
(626, 2147483647, 1106226573, '', ''),
(627, 2147483647, 1106226573, '', ''),
(628, 2147483647, 1106226573, '', ''),
(629, 2147483647, 1106226573, '', ''),
(630, 2147483647, 1106226573, '', ''),
(631, 2147483647, 1106226573, '', ''),
(632, 2147483647, 1106226573, '', ''),
(633, 2147483647, 1106226573, '', ''),
(634, 2147483647, 1106226573, '', ''),
(635, 2147483647, 1106226573, '', ''),
(636, 2147483647, 1106226573, '', ''),
(637, 2147483647, 1106226573, '', ''),
(638, 2147483647, 1106226573, '', ''),
(639, 2147483647, 1106226573, '', ''),
(640, 2147483647, 1106226573, '', ''),
(641, 2147483647, 1106226573, '', ''),
(642, 2147483647, 1106226573, '', ''),
(643, 2147483647, 1106226573, '', ''),
(644, 2147483647, 1106226573, '', ''),
(645, 2147483647, 1106226573, '', ''),
(646, 2147483647, 1106226573, '', ''),
(647, 2147483647, 1106226573, '', ''),
(648, 2147483647, 1106226573, '', ''),
(649, 2147483647, 1106226573, '', ''),
(650, 2147483647, 1106226573, '', ''),
(651, 2147483647, 1106226573, '', ''),
(652, 2147483647, 1106226573, '', ''),
(653, 2147483647, 1106226573, '', ''),
(654, 2147483647, 1106226573, '', ''),
(655, 2147483647, 1106226573, '', ''),
(656, 2147483647, 1106226573, '', ''),
(657, 2147483647, 1106226573, '', ''),
(658, 2147483647, 1106226573, '', ''),
(659, 2147483647, 1106226573, '', ''),
(660, 2147483647, 1106226573, '', ''),
(661, 2147483647, 1106226573, '', ''),
(662, 2147483647, 1106226573, '', ''),
(663, 2147483647, 1106226573, '', ''),
(664, 2147483647, 1106226573, '', ''),
(665, 2147483647, 1106226573, '', ''),
(666, 2147483647, 1106226573, '', ''),
(667, 2147483647, 1106226573, '', ''),
(668, 2147483647, 1106226573, '', ''),
(669, 2147483647, 1106226573, '', ''),
(670, 2147483647, 1106226573, '', ''),
(671, 2147483647, 1106226573, '', ''),
(672, 2147483647, 1106226573, '', ''),
(673, 2147483647, 1106226573, '', ''),
(674, 2147483647, 1106226573, '', ''),
(675, 2147483647, 1106226573, '', ''),
(676, 2147483647, 1106226573, '', ''),
(677, 2147483647, 1106226573, '', ''),
(678, 2147483647, 1106226573, '', ''),
(679, 2147483647, 1106226573, '', ''),
(680, 2147483647, 1106226573, '', ''),
(681, 2147483647, 1106226573, '', ''),
(682, 2147483647, 1106226573, '', ''),
(683, 2147483647, 1106226573, '', ''),
(684, 2147483647, 1106226573, '', ''),
(685, 2147483647, 1106226573, '', ''),
(686, 2147483647, 1106226573, '', ''),
(687, 2147483647, 1106226573, '', ''),
(688, 2147483647, 1106226573, '', ''),
(689, 2147483647, 1106226573, '', ''),
(690, 2147483647, 1106226573, '', ''),
(691, 2147483647, 1106226573, '', ''),
(692, 2147483647, 1106226573, '', ''),
(693, 2147483647, 1106226573, '', ''),
(694, 2147483647, 1106226573, '', ''),
(695, 2147483647, 1106226573, '', ''),
(696, 2147483647, 1106226573, '', ''),
(697, 2147483647, 1106226573, '', ''),
(698, 2147483647, 1106226573, '', ''),
(699, 2147483647, 1106226573, '', ''),
(700, 2147483647, 1106226573, '', ''),
(701, 2147483647, 1106226573, '', ''),
(702, 2147483647, 1106226573, '', ''),
(703, 2147483647, 1106226573, '', ''),
(704, 2147483647, 1106226573, '', ''),
(705, 2147483647, 1106226573, '', ''),
(706, 2147483647, 1106226573, '', ''),
(707, 2147483647, 1106226573, '', ''),
(708, 2147483647, 1106226573, '', ''),
(709, 2147483647, 1106226573, '', ''),
(710, 2147483647, 1106226573, '', ''),
(711, 2147483647, 1106226573, '', ''),
(712, 2147483647, 1106226573, '', ''),
(713, 2147483647, 1106226573, '', ''),
(714, 2147483647, 1106226573, '', ''),
(715, 2147483647, 1106226573, '', ''),
(716, 2147483647, 1106226573, '', ''),
(717, 2147483647, 1106226573, '', ''),
(718, 2147483647, 1106226573, '', ''),
(719, 2147483647, 1106226573, '', ''),
(720, 2147483647, 1106226573, '', ''),
(721, 2147483647, 1106226573, '', ''),
(722, 2147483647, 1106226573, '', ''),
(723, 2147483647, 1106226573, '', ''),
(724, 2147483647, 1106226573, '', ''),
(725, 2147483647, 1106226573, '', ''),
(726, 2147483647, 1106226573, '', ''),
(727, 2147483647, 1106226573, '', ''),
(728, 2147483647, 1106226573, '', ''),
(729, 2147483647, 1106226573, '', ''),
(730, 2147483647, 1106226573, '', ''),
(731, 2147483647, 1106226573, '', ''),
(732, 2147483647, 1106226573, '', ''),
(733, 2147483647, 1106226573, '', ''),
(734, 2147483647, 1106226573, '', ''),
(735, 2147483647, 1106226573, '', ''),
(736, 2147483647, 1106226573, '', ''),
(737, 2147483647, 1106226573, '', ''),
(738, 2147483647, 1106226573, '', ''),
(739, 2147483647, 1106226573, '', ''),
(740, 2147483647, 1106226573, '', ''),
(741, 2147483647, 1106226573, '', ''),
(742, 2147483647, 1106226573, '', ''),
(743, 2147483647, 1106226573, '', ''),
(744, 2147483647, 1106226573, '', ''),
(745, 2147483647, 1106226573, '', ''),
(746, 2147483647, 1106226573, '', ''),
(747, 2147483647, 1106226573, '', ''),
(748, 2147483647, 1106226573, '', ''),
(749, 2147483647, 1106226573, '', ''),
(750, 2147483647, 1106226573, '', ''),
(751, 2147483647, 1106226573, '', ''),
(752, 2147483647, 1106226573, '', ''),
(753, 2147483647, 1106226573, '', ''),
(754, 2147483647, 1106226573, '', ''),
(755, 2147483647, 1106226573, '', ''),
(756, 2147483647, 1106226573, '', ''),
(757, 2147483647, 1106226573, '', ''),
(758, 2147483647, 1106226573, '', ''),
(759, 2147483647, 1106226573, '', ''),
(760, 2147483647, 1106226573, '', ''),
(761, 2147483647, 1106226573, '', ''),
(762, 2147483647, 1106226573, '', ''),
(763, 2147483647, 1106226573, '', ''),
(764, 2147483647, 1106226573, '', ''),
(765, 2147483647, 1106226573, '', ''),
(766, 2147483647, 1106226573, '', ''),
(767, 2147483647, 1106226573, '', ''),
(768, 2147483647, 1106226573, '', ''),
(769, 2147483647, 1106226573, '', ''),
(770, 2147483647, 1106226573, '', ''),
(771, 2147483647, 1106226573, '', ''),
(772, 2147483647, 1106226573, '', ''),
(773, 2147483647, 1106226573, '', ''),
(774, 2147483647, 1106226573, '', ''),
(775, 2147483647, 1106226573, '', ''),
(776, 2147483647, 1106226573, '', ''),
(777, 2147483647, 1106226573, '', ''),
(778, 2147483647, 1106226573, '', ''),
(779, 2147483647, 1106226573, '', ''),
(780, 2147483647, 1106226573, '', ''),
(781, 2147483647, 1106226573, '', ''),
(782, 2147483647, 1106226573, '', ''),
(783, 2147483647, 1106226573, '', ''),
(784, 2147483647, 1106226573, '', ''),
(785, 2147483647, 1106226573, '', ''),
(786, 2147483647, 1106226573, '', ''),
(787, 2147483647, 1106226573, '', ''),
(788, 2147483647, 1106226573, '', ''),
(789, 2147483647, 1106226573, '', ''),
(790, 2147483647, 1106226573, '', ''),
(791, 2147483647, 1106226573, '', ''),
(792, 2147483647, 1106226573, '', ''),
(793, 2147483647, 1106226573, '', ''),
(794, 2147483647, 1106226573, '', ''),
(795, 2147483647, 1106226573, '', ''),
(796, 1118723902, 1106226573, '', ''),
(797, 1118723902, 1106226573, '', ''),
(798, 1118723902, 1106226573, '', ''),
(799, 1118723902, 1106226573, '', ''),
(800, 1118723902, 1106226573, '', ''),
(801, 1118723902, 1106226573, '', ''),
(802, 1118723902, 1106226573, '', ''),
(803, 1118723902, 1106226573, '', ''),
(804, 1118723902, 1106226573, '', ''),
(805, 1118723902, 1106226573, '', ''),
(806, 1118723902, 1106226573, '', ''),
(807, 1118723902, 1106226573, '', ''),
(808, 1118723902, 1106226573, '', ''),
(809, 1118723902, 1106226573, '', ''),
(810, 1118723902, 1106226573, '', ''),
(811, 1118723902, 1106226573, '', ''),
(812, 1118723902, 1106226573, '', ''),
(813, 1118723902, 1106226573, '', ''),
(814, 1118723902, 1106226573, '', ''),
(815, 1118723902, 1106226573, '', ''),
(816, 1118723902, 1106226573, '', ''),
(817, 1118723902, 1106226573, '', ''),
(818, 1118723902, 1106226573, '', ''),
(819, 1118723902, 1106226573, '', ''),
(820, 1118723902, 1106226573, '', ''),
(821, 1118723902, 1106226573, '', ''),
(822, 1118723902, 1106226573, '', ''),
(823, 1118723902, 1106226573, '', ''),
(824, 1118723902, 1106226573, '', ''),
(825, 1118723902, 1106226573, '', ''),
(826, 1118723902, 1106226573, '', ''),
(827, 1118723902, 1106226573, '', ''),
(828, 1118723902, 1106226573, '', ''),
(829, 1118723902, 1106226573, '', ''),
(830, 1118723902, 1106226573, '', ''),
(831, 1118723902, 1106226573, '', ''),
(832, 1118723902, 1106226573, '', ''),
(833, 1118723902, 1106226573, '', ''),
(834, 1118723902, 1106226573, '', ''),
(835, 1118723902, 1106226573, '', ''),
(836, 1118723902, 1106226573, '', ''),
(837, 1118723902, 1106226573, '', ''),
(838, 1118723902, 1106226573, '', ''),
(839, 1118723902, 1106226573, '', ''),
(840, 1118723902, 1106226573, '', ''),
(841, 1118723902, 1106226573, '', ''),
(842, 1118723902, 1106226573, '', ''),
(843, 1118723902, 1106226573, '', ''),
(844, 1118723902, 1106226573, '', ''),
(845, 1118723902, 1106226573, '', ''),
(846, 1118723902, 1106226573, '', ''),
(847, 1118723902, 1106226573, '', ''),
(848, 1118723902, 1106226573, '', ''),
(849, 1118723902, 1106226573, '', ''),
(850, 1118723902, 1106226573, '', ''),
(851, 1118723902, 1106226573, '', ''),
(852, 1118723902, 1106226573, '', ''),
(853, 1118723902, 1106226573, '', ''),
(854, 1118723902, 1106226573, '', ''),
(855, 1118723902, 1106226573, '', ''),
(856, 1118723902, 1106226573, '', ''),
(857, 1118723902, 1106226573, '', ''),
(858, 1118723902, 1106226573, '', ''),
(859, 1118723902, 1106226573, '', ''),
(860, 1118723902, 1106226573, '', ''),
(861, 1118723902, 1106226573, '', ''),
(862, 1118723902, 1106226573, '', ''),
(863, 1118723902, 1106226573, '', ''),
(864, 1118723902, 1106226573, '', ''),
(865, 1118723902, 1106226573, '', ''),
(866, 1118723902, 1106226573, '', ''),
(867, 1118723902, 1106226573, '', ''),
(868, 1118723902, 1106226573, '', ''),
(869, 1118723902, 1106226573, '', ''),
(870, 1118723902, 1106226573, '', ''),
(871, 1118723902, 1106226573, '', ''),
(872, 1118723902, 1106226573, '', ''),
(873, 1118723902, 1106226573, '', ''),
(874, 1118723902, 1106226573, '', ''),
(875, 1118723902, 1106226573, '', ''),
(876, 1118723902, 1106226573, '', ''),
(877, 1118723902, 1106226573, '', ''),
(878, 1118723902, 1106226573, '', ''),
(879, 1118723902, 1106226573, '', ''),
(880, 1118723902, 1106226573, '', ''),
(881, 1118723902, 1106226573, '', ''),
(882, 1118723902, 1106226573, '', ''),
(883, 1118723902, 1106226573, '', ''),
(884, 1118723902, 1106226573, '', ''),
(885, 1118723902, 1106226573, '', ''),
(886, 1118723902, 1106226573, '', ''),
(887, 1118723902, 1106226573, '', ''),
(888, 1118723902, 1106226573, '', ''),
(889, 1118723902, 1106226573, '', ''),
(890, 1118723902, 1106226573, '', ''),
(891, 1118723902, 1106226573, '', ''),
(892, 1118723902, 1106226573, '', ''),
(893, 1118723902, 1106226573, '', ''),
(894, 1118723902, 1106226573, '', ''),
(895, 1118723902, 1106226573, '', ''),
(896, 1118723902, 1106226573, '', ''),
(897, 1118723902, 1106226573, '', ''),
(898, 1118723902, 1106226573, '', ''),
(899, 1118723902, 1106226573, '', ''),
(900, 1118723902, 1106226573, '', ''),
(901, 1118723902, 1106226573, '', ''),
(902, 1118723902, 1106226573, '', ''),
(903, 1118723902, 1106226573, '', ''),
(904, 1118723902, 1106226573, '', ''),
(905, 1118723902, 1106226573, '', ''),
(906, 1118723902, 1106226573, '', ''),
(907, 1118723902, 1106226573, '', ''),
(908, 1118723902, 1106226573, '', ''),
(909, 1118723902, 1106226573, '', ''),
(910, 1118723902, 1106226573, '', ''),
(911, 1118723902, 1106226573, '', ''),
(912, 1118723902, 1106226573, '', ''),
(913, 1118723902, 1106226573, '', ''),
(914, 1118723902, 1106226573, '', ''),
(915, 1118723902, 1106226573, '', ''),
(916, 1118723902, 1106226573, '', ''),
(917, 1118723902, 1106226573, '', ''),
(918, 1118723902, 1106226573, '', ''),
(919, 1118723902, 1106226573, '', ''),
(920, 1118723902, 1106226573, '', ''),
(921, 1118723902, 1106226573, '', ''),
(922, 1118723902, 1106226573, '', ''),
(923, 1118723902, 1106226573, '', ''),
(924, 1118723902, 1106226573, '', ''),
(925, 1118723902, 1106226573, '', ''),
(926, 1118723902, 1106226573, '', ''),
(927, 1118723902, 1106226573, '', ''),
(928, 1118723902, 1106226573, '', ''),
(929, 1118723902, 1106226573, '', ''),
(930, 1118723902, 1106226573, '', ''),
(931, 1118723902, 1106226573, '', ''),
(932, 1118723902, 1106226573, '', ''),
(933, 1118723902, 1106226573, '', ''),
(934, 1118723902, 1106226573, '', ''),
(935, 1118723902, 1106226573, '', ''),
(936, 1118723902, 1106226573, '', ''),
(937, 1118723902, 1106226573, '', ''),
(938, 1118723902, 1106226573, '', ''),
(939, 1118723902, 1106226573, '', ''),
(940, 1118723902, 1106226573, '', ''),
(941, 1118723902, 1106226573, '', ''),
(942, 1118723902, 1106226573, '', ''),
(943, 1118723902, 1106226573, '', ''),
(944, 1118723902, 1106226573, '', ''),
(945, 1118723902, 1106226573, '', ''),
(946, 1118723902, 1106226573, '', ''),
(947, 1118723902, 1106226573, '', ''),
(948, 1118723902, 1106226573, '', ''),
(949, 1118723902, 1106226573, '', ''),
(950, 1118723902, 1106226573, '', ''),
(951, 1118723902, 1106226573, '', ''),
(952, 1118723902, 1106226573, '', ''),
(953, 1118723902, 1106226573, '', ''),
(954, 1118723902, 1106226573, '', ''),
(955, 1118723902, 1106226573, '', ''),
(956, 1118723902, 1106226573, '', ''),
(957, 1118723902, 1106226573, '', ''),
(958, 1118723902, 1106226573, '', ''),
(959, 1118723902, 1106226573, '', ''),
(960, 1118723902, 1106226573, '', ''),
(961, 1118723902, 1106226573, '', ''),
(962, 1118723902, 1106226573, '', ''),
(963, 1118723902, 1106226573, '', ''),
(964, 1118723902, 1106226573, '', ''),
(965, 1118723902, 1106226573, '', ''),
(966, 1118723902, 1106226573, '', ''),
(967, 1118723902, 1106226573, '', ''),
(968, 1118723902, 1106226573, '', ''),
(969, 1118723902, 1106226573, '', ''),
(970, 1118723902, 1106226573, '', ''),
(971, 1118723902, 1106226573, '', ''),
(972, 1118723902, 1106226573, '', ''),
(973, 1118723902, 1106226573, '', ''),
(974, 1118723902, 1106226573, '', ''),
(975, 1118723902, 1106226573, '', ''),
(976, 1118723902, 1106226573, '', ''),
(977, 1118723902, 1106226573, '', ''),
(978, 1118723902, 1106226573, '', ''),
(979, 1118723902, 1106226573, '', ''),
(980, 1118723902, 1106226573, '', ''),
(981, 1118723902, 1106226573, '', ''),
(982, 1118723902, 1106226573, '', ''),
(983, 1118723902, 1106226573, '', ''),
(984, 1118723902, 1106226573, '', ''),
(985, 1118723902, 1106226573, '', ''),
(986, 1118723902, 1106226573, '', ''),
(987, 1118723902, 1106226573, '', ''),
(988, 1118723902, 1106226573, '', ''),
(989, 1118723902, 1106226573, '', ''),
(990, 1118723902, 1106226573, '', ''),
(991, 1118723902, 1106226573, '', ''),
(992, 1118723902, 1106226573, '', ''),
(993, 1118723902, 1106226573, '', ''),
(994, 1118723902, 1106226573, '', ''),
(995, 1118723902, 1106226573, '', ''),
(996, 1118723902, 1106226573, '', ''),
(997, 1118723902, 1106226573, '', ''),
(998, 1118723902, 1106226573, '', ''),
(999, 1118723902, 1106226573, '', ''),
(1000, 1118723902, 1106226573, '', ''),
(1001, 1118723902, 1106226573, '', ''),
(1002, 1118723902, 1106226573, '', ''),
(1003, 1118723902, 1106226573, '', ''),
(1004, 1118723902, 1106226573, '', ''),
(1005, 1118723902, 1106226573, '', ''),
(1006, 1118723902, 1106226573, '', ''),
(1007, 1118723902, 1106226573, '', ''),
(1008, 1118723902, 1106226573, '', ''),
(1009, 1118723902, 1106226573, '', ''),
(1010, 1118723902, 1106226573, '', ''),
(1011, 1118723902, 1106226573, '', ''),
(1012, 1118723902, 1106226573, '', ''),
(1013, 1118723902, 1106226573, '', ''),
(1014, 1118723902, 1106226573, '', ''),
(1015, 1118723902, 1106226573, '', ''),
(1016, 1118723902, 1106226573, '', ''),
(1017, 1118723902, 1106226573, '', ''),
(1018, 1118723902, 1106226573, '', ''),
(1019, 1118723902, 1106226573, '', ''),
(1020, 1118723902, 1106226573, '', ''),
(1021, 1118723902, 1106226573, '', ''),
(1022, 1118723902, 1106226573, '', ''),
(1023, 1118723902, 1106226573, '', ''),
(1024, 1118723902, 1106226573, '', ''),
(1025, 1118723902, 1106226573, '', ''),
(1026, 1118723902, 1106226573, '', ''),
(1027, 1118723902, 1106226573, '', ''),
(1028, 1118723902, 1106226573, '', ''),
(1029, 1118723902, 1106226573, '', ''),
(1030, 1118723902, 1106226573, '', ''),
(1031, 1118723902, 1106226573, '', ''),
(1032, 1118723902, 1106226573, '', ''),
(1033, 1118723902, 1106226573, '', ''),
(1034, 1118723902, 1106226573, '', ''),
(1035, 1118723902, 1106226573, '', ''),
(1036, 1118723902, 1106226573, '', ''),
(1037, 1118723902, 1106226573, '', ''),
(1038, 1118723902, 1106226573, '', ''),
(1039, 1118723902, 1106226573, '', ''),
(1040, 1118723902, 1106226573, '', ''),
(1041, 1118723902, 1106226573, '', ''),
(1042, 1118723902, 1106226573, '', ''),
(1043, 1118723902, 1106226573, '', ''),
(1044, 1118723902, 1106226573, '', ''),
(1045, 1118723902, 1106226573, '', ''),
(1046, 1118723902, 1106226573, '', ''),
(1047, 1118723902, 1106226573, '', ''),
(1048, 1118723902, 1106226573, '', ''),
(1049, 1118723902, 1106226573, '', ''),
(1050, 1118723902, 1106226573, '', ''),
(1051, 1118723902, 1106226573, '', ''),
(1052, 1118723902, 1106226573, '', ''),
(1053, 1118723902, 1106226573, '', ''),
(1054, 1118723902, 1106226573, '', ''),
(1055, 1118723902, 1106226573, '', ''),
(1056, 1118723902, 1106226573, '', ''),
(1057, 1118723902, 1106226573, '', ''),
(1058, 1118723902, 1106226573, '', ''),
(1059, 1118723902, 1106226573, '', ''),
(1060, 1118723902, 1106226573, '', ''),
(1061, 1118723902, 1106226573, '', ''),
(1062, 1118723902, 1106226573, '', ''),
(1063, 1118723902, 1106226573, '', ''),
(1064, 1118723902, 1106226573, '', ''),
(1065, 1118723902, 1106226573, '', ''),
(1066, 1118723902, 1106226573, '', ''),
(1067, 1118723902, 1106226573, '', ''),
(1068, 1118723902, 1106226573, '', ''),
(1069, 1118723902, 1106226573, '', ''),
(1070, 1118723902, 1106226573, '', ''),
(1071, 1118723902, 1106226573, '', ''),
(1072, 1118723902, 1106226573, '', ''),
(1073, 1118723902, 1106226573, '', ''),
(1074, 1118723902, 1106226573, '', ''),
(1075, 1118723902, 1106226573, '', ''),
(1076, 1118723902, 1106226573, '', ''),
(1077, 1118723902, 1106226573, '', ''),
(1078, 1118723902, 1106226573, '', ''),
(1079, 1118723902, 1106226573, '', ''),
(1080, 1118723902, 1106226573, '', ''),
(1081, 1118723902, 1106226573, '', ''),
(1082, 1118723902, 1106226573, '', ''),
(1083, 1118723902, 1106226573, '', ''),
(1084, 1118723902, 1106226573, '', ''),
(1085, 1118723902, 1106226573, '', ''),
(1086, 1118723902, 1106226573, '', ''),
(1087, 1118723902, 1106226573, '', ''),
(1088, 1118723902, 1106226573, '', ''),
(1089, 1118723902, 1106226573, '', ''),
(1090, 1118723902, 1106226573, '', ''),
(1091, 1118723902, 1106226573, '', ''),
(1092, 1118723902, 1106226573, '', ''),
(1093, 1118723902, 1106226573, '', ''),
(1094, 1118723902, 1106226573, '', ''),
(1095, 1118723902, 1106226573, '', ''),
(1096, 1118723902, 1106226573, '', ''),
(1097, 1118723902, 1106226573, '', ''),
(1098, 1118723902, 1106226573, '', ''),
(1099, 1118723902, 1106226573, '', ''),
(1100, 1118723902, 1106226573, '', ''),
(1101, 1118723902, 1106226573, '', ''),
(1102, 1118723902, 1106226573, '', ''),
(1103, 1118723902, 1106226573, '', ''),
(1104, 1118723902, 1106226573, '', ''),
(1105, 1118723902, 1106226573, '', ''),
(1106, 1118723902, 1106226573, '', ''),
(1107, 1118723902, 1106226573, '', ''),
(1108, 1118723902, 1106226573, '', ''),
(1109, 1118723902, 1106226573, '', ''),
(1110, 1118723902, 1106226573, '', ''),
(1111, 1118723902, 1106226573, '', ''),
(1112, 1118723902, 1106226573, '', ''),
(1113, 1118723902, 1106226573, '', ''),
(1114, 1118723902, 1106226573, '', ''),
(1115, 1118723902, 1106226573, '', ''),
(1116, 1118723902, 1106226573, '', ''),
(1117, 1118723902, 1106226573, '', ''),
(1118, 1118723902, 1106226573, '', ''),
(1119, 1118723902, 1106226573, '', ''),
(1120, 1118723902, 1106226573, '', ''),
(1121, 1118723902, 1106226573, '', ''),
(1122, 1118723902, 1106226573, '', ''),
(1123, 1118723902, 1106226573, '', ''),
(1124, 1118723902, 1106226573, '', ''),
(1125, 1118723902, 1106226573, '', ''),
(1126, 1118723902, 1106226573, '', ''),
(1127, 1118723902, 1106226573, '', ''),
(1128, 1118723902, 1106226573, '', ''),
(1129, 1118723902, 1106226573, '', ''),
(1130, 1118723902, 1106226573, '', ''),
(1131, 1118723902, 1106226573, '', ''),
(1132, 1118723902, 1106226573, '', ''),
(1133, 1118723902, 1106226573, '', ''),
(1134, 1118723902, 1106226573, '', ''),
(1135, 1118723902, 1106226573, '', ''),
(1136, 1118723902, 1106226573, '', ''),
(1137, 1118723902, 1106226573, '', ''),
(1138, 1118723902, 1106226573, '', ''),
(1139, 1118723902, 1106226573, '', ''),
(1140, 1118723902, 1106226573, '', ''),
(1141, 1118723902, 1106226573, '', ''),
(1142, 1118723902, 1106226573, '', ''),
(1143, 1118723902, 1106226573, '', ''),
(1144, 1118723902, 1106226573, '', ''),
(1145, 1118723902, 1106226573, '', ''),
(1146, 1118723902, 1106226573, '', ''),
(1147, 1118723902, 1106226573, '', ''),
(1148, 1118723902, 1106226573, '', ''),
(1149, 1118723902, 1106226573, '', ''),
(1150, 1118723902, 1106226573, '', ''),
(1151, 1118723902, 1106226573, '', ''),
(1152, 1118723902, 1106226573, '', ''),
(1153, 1118723902, 1106226573, '', ''),
(1154, 1118723902, 1106226573, '', ''),
(1155, 1118723902, 1106226573, '', ''),
(1156, 1118723902, 1106226573, '', ''),
(1157, 1118723902, 1106226573, '', ''),
(1158, 1118723902, 1106226573, '', ''),
(1159, 1118723902, 1106226573, '', ''),
(1160, 1118723902, 1106226573, '', ''),
(1161, 1118723902, 1106226573, '', ''),
(1162, 1118723902, 1106226573, '', ''),
(1163, 1118723902, 1106226573, '', ''),
(1164, 1118723902, 1106226573, '', ''),
(1165, 1118723902, 1106226573, '', ''),
(1166, 1118723902, 1106226573, '', ''),
(1167, 1118723902, 1106226573, '', ''),
(1168, 1118723902, 1106226573, '', ''),
(1169, 1118723902, 1106226573, '', ''),
(1170, 1118723902, 1106226573, '', ''),
(1171, 1118723902, 1106226573, '', ''),
(1172, 1118723902, 1106226573, '', ''),
(1173, 1118723902, 1106226573, '', ''),
(1174, 1118723902, 1106226573, '', ''),
(1175, 1118723902, 1106226573, '', ''),
(1176, 1118723902, 1106226573, '', ''),
(1177, 1118723902, 1106226573, '', ''),
(1178, 1118723902, 1106226573, '', ''),
(1179, 1118723902, 1106226573, '', ''),
(1180, 1118723902, 1106226573, '', ''),
(1181, 1118723902, 1106226573, '', ''),
(1182, 1118723902, 1106226573, '', ''),
(1183, 1118723902, 1106226573, '', ''),
(1184, 1118723902, 1106226573, '', ''),
(1185, 1118723902, 1106226573, '', ''),
(1186, 1118723902, 1106226573, '', ''),
(1187, 1118723902, 1106226573, '', ''),
(1188, 1118723902, 1106226573, '', ''),
(1189, 1118723902, 1106226573, '', ''),
(1190, 1118723902, 1106226573, '', ''),
(1191, 1118723902, 1106226573, '', ''),
(1192, 1118723902, 1106226573, '', ''),
(1193, 2147483647, 1056769478, '', ''),
(1194, 2147483647, 1056769478, '', ''),
(1195, 2147483647, 1056769478, '', ''),
(1196, 2147483647, 1056769478, '', ''),
(1197, 2147483647, 1056769478, '', ''),
(1198, 2147483647, 1056769478, '', ''),
(1199, 2147483647, 1056769478, '', ''),
(1200, 2147483647, 1056769478, '', ''),
(1201, 2147483647, 1056769478, '', ''),
(1202, 2147483647, 1056769478, '', ''),
(1203, 2147483647, 1056769478, '', ''),
(1204, 2147483647, 1056769478, '', ''),
(1205, 2147483647, 1056769478, '', ''),
(1206, 2147483647, 1056769478, '', ''),
(1207, 2147483647, 1056769478, '', ''),
(1208, 2147483647, 1056769478, '', ''),
(1209, 2147483647, 1056769478, '', ''),
(1210, 2147483647, 1056769478, '', ''),
(1211, 2147483647, 1056769478, '', ''),
(1212, 2147483647, 1056769478, '', ''),
(1213, 2147483647, 1056769478, '', ''),
(1214, 2147483647, 1056769478, '', ''),
(1215, 2147483647, 1056769478, '', ''),
(1216, 2147483647, 1056769478, '', ''),
(1217, 2147483647, 1056769478, '', ''),
(1218, 2147483647, 1056769478, '', ''),
(1219, 2147483647, 1056769478, '', ''),
(1220, 2147483647, 1056769478, '', ''),
(1221, 2147483647, 1056769478, '', ''),
(1222, 2147483647, 1056769478, '', ''),
(1223, 2147483647, 1056769478, '', ''),
(1224, 2147483647, 1056769478, '', ''),
(1225, 2147483647, 1056769478, '', ''),
(1226, 2147483647, 1056769478, '', ''),
(1227, 2147483647, 1056769478, '', ''),
(1228, 2147483647, 1056769478, '', ''),
(1229, 2147483647, 1056769478, '', ''),
(1230, 2147483647, 1056769478, '', ''),
(1231, 2147483647, 1056769478, '', ''),
(1232, 2147483647, 1056769478, '', ''),
(1233, 2147483647, 1056769478, '', ''),
(1234, 2147483647, 1056769478, '', ''),
(1235, 2147483647, 1056769478, '', ''),
(1236, 2147483647, 1056769478, '', ''),
(1237, 2147483647, 1056769478, '', ''),
(1238, 2147483647, 1056769478, '', ''),
(1239, 2147483647, 1056769478, '', ''),
(1240, 2147483647, 1056769478, '', ''),
(1241, 2147483647, 1056769478, '', ''),
(1242, 2147483647, 1056769478, '', ''),
(1243, 2147483647, 1056769478, '', ''),
(1244, 2147483647, 1056769478, '', ''),
(1245, 2147483647, 1056769478, '', ''),
(1246, 2147483647, 1056769478, '', ''),
(1247, 2147483647, 1056769478, '', ''),
(1248, 2147483647, 1056769478, '', ''),
(1249, 2147483647, 1056769478, '', ''),
(1250, 2147483647, 1056769478, '', ''),
(1251, 2147483647, 1056769478, '', ''),
(1252, 2147483647, 1056769478, '', ''),
(1253, 2147483647, 1056769478, '', ''),
(1254, 2147483647, 1056769478, '', ''),
(1255, 2147483647, 1056769478, '', ''),
(1256, 2147483647, 1056769478, '', ''),
(1257, 2147483647, 1056769478, '', ''),
(1258, 2147483647, 1056769478, '', ''),
(1259, 2147483647, 1056769478, '', ''),
(1260, 2147483647, 1056769478, '', ''),
(1261, 2147483647, 1056769478, '', ''),
(1262, 2147483647, 1056769478, '', ''),
(1263, 2147483647, 1056769478, '', ''),
(1264, 2147483647, 1056769478, '', ''),
(1265, 2147483647, 1056769478, '', ''),
(1266, 2147483647, 1056769478, '', ''),
(1267, 2147483647, 1056769478, '', ''),
(1268, 2147483647, 1056769478, '', ''),
(1269, 2147483647, 1056769478, '', ''),
(1270, 2147483647, 1056769478, '', ''),
(1271, 2147483647, 1056769478, '', ''),
(1272, 2147483647, 1056769478, '', ''),
(1273, 2147483647, 1056769478, '', ''),
(1274, 2147483647, 1056769478, '', ''),
(1275, 2147483647, 1056769478, '', ''),
(1276, 2147483647, 1056769478, '', ''),
(1277, 2147483647, 1056769478, '', ''),
(1278, 2147483647, 1056769478, '', ''),
(1279, 2147483647, 1056769478, '', ''),
(1280, 2147483647, 1056769478, '', ''),
(1281, 2147483647, 1056769478, '', ''),
(1282, 2147483647, 1056769478, '', ''),
(1283, 2147483647, 1056769478, '', '');

-- --------------------------------------------------------

--
-- Estructura de tabla para la tabla `laboratorio`
--

CREATE TABLE `laboratorio` (
  `id_lab` int(4) NOT NULL,
  `laboratorio` varchar(30) NOT NULL
) ENGINE=InnoDB DEFAULT CHARSET=latin1 COLLATE=latin1_swedish_ci;

--
-- Volcado de datos para la tabla `laboratorio`
--

INSERT INTO `laboratorio` (`id_lab`, `laboratorio`) VALUES
(2, 'Laboratorio Pharma'),
(3, 'Laboratorio Tecnofarma'),
(4, 'Laboratorio MK'),
(5, 'Laboratorio Biogalenic'),
(6, 'Laboratorio Takeda'),
(7, 'Laboratorio LKM'),
(8, 'Laboratorio Roche'),
(9, 'Laboratorio Bayer'),
(10, 'Laboratorio Abbott'),
(11, 'Laboratorio Duran');

-- --------------------------------------------------------

--
-- Estructura de tabla para la tabla `medicamentos`
--

CREATE TABLE `medicamentos` (
  `id_medicamento` int(11) NOT NULL,
  `nombre` varchar(40) NOT NULL,
  `id_cla` int(3) NOT NULL,
  `cantidad` varchar(20) NOT NULL,
  `medida_cant` varchar(20) NOT NULL,
  `id_lab` int(5) NOT NULL,
  `f_vencimiento` date NOT NULL,
  `codigo_barras` varchar(200) NOT NULL,
  `id_estado` int(3) NOT NULL
) ENGINE=InnoDB DEFAULT CHARSET=latin1 COLLATE=latin1_swedish_ci;

--
-- Volcado de datos para la tabla `medicamentos`
--

INSERT INTO `medicamentos` (`id_medicamento`, `nombre`, `id_cla`, `cantidad`, `medida_cant`, `id_lab`, `f_vencimiento`, `codigo_barras`, `id_estado`) VALUES
(2, 'Amoxicilina', 1, '75UND', 'pastillas500ml', 9, '2025-05-07', '0883572', 7);

-- --------------------------------------------------------

--
-- Estructura de tabla para la tabla `medicos`
--

CREATE TABLE `medicos` (
  `docu_medico` int(11) NOT NULL,
  `id_doc` int(2) NOT NULL,
  `nombre_comple` varchar(50) NOT NULL,
  `correo` varchar(50) NOT NULL,
  `telefono` varchar(11) NOT NULL,
  `password` varchar(500) NOT NULL,
  `id_rol` int(3) NOT NULL,
  `id_estado` int(3) NOT NULL,
  `id_esp` int(3) NOT NULL,
  `nit` varchar(10) NOT NULL
) ENGINE=InnoDB DEFAULT CHARSET=latin1 COLLATE=latin1_swedish_ci;

--
-- Volcado de datos para la tabla `medicos`
--

INSERT INTO `medicos` (`docu_medico`, `id_doc`, `nombre_comple`, `correo`, `telefono`, `password`, `id_rol`, `id_estado`, `id_esp`, `nit`) VALUES
(1056769478, 3, 'Juan Ortega', 'Ortega201610@gmail.com', '3152903515', '$2y$10$bClX2z2XFSBxqSClUSieyuzD12iqy0oHhU4UE5sF0Oza9kLUkCnaG', 3, 3, 1, '45685297'),
(1102378951, 3, 'Laura Camila Ramirez', 'Lauramirez@gmail.com', '3152134312', '38211887', 3, 3, 14, '12378945'),
(1104786412, 3, 'yareth ohany garcia rangel', 'yogarcia@gmail.com', '3123122213', 'undefined ', 3, 3, 4, '45685297'),
(1108982783, 3, 'Isabella Rios ', 'isa10256@gmail.com', '3125468787', 'undefined.', 3, 3, 5, '957284163'),
(1122736351, 3, 'Jeferson Cardenal', 'jefer23@gmail.com', '3002349008', 'jefer123', 3, 3, 15, '957284163');

-- --------------------------------------------------------

--
-- Estructura de tabla para la tabla `municipios`
--

CREATE TABLE `municipios` (
  `id_municipio` int(11) NOT NULL,
  `municipio` varchar(100) NOT NULL,
  `id_depart` int(11) NOT NULL
) ENGINE=InnoDB DEFAULT CHARSET=utf8mb4 COLLATE=utf8mb4_general_ci;

--
-- Volcado de datos para la tabla `municipios`
--

INSERT INTO `municipios` (`id_municipio`, `municipio`, `id_depart`) VALUES
(1, 'Andes', 1),
(3, 'Armenia', 1),
(4, 'Barbosa', 1),
(5, 'Bello', 1),
(7, 'Caceres', 1),
(8, 'Caldas', 1),
(9, 'Caracoli', 1),
(10, 'Ciudad Bolivar', 1),
(11, 'Copacabana', 1),
(12, 'Envigado', 1),
(13, 'Granada', 1),
(14, 'Guatape', 1),
(15, 'Itagui', 1),
(16, 'Ituango', 1),
(17, 'Jerico', 1),
(18, 'Medellin', 1),
(19, 'Montebello', 1),
(20, 'Nariño', 1),
(21, 'Rionegro', 1),
(22, 'Sabanalarga', 1),
(23, 'Sabaneta', 1),
(24, 'San Andrés', 1),
(25, 'San Vicente', 1),
(27, 'Urrao', 1),
(28, 'Zaragoza', 1),
(29, 'Barranquilla', 2),
(30, 'Candelaria', 2),
(31, 'Malambo', 2),
(32, 'Sabanagrande', 2),
(33, 'Sabanalarga', 2),
(34, 'Santa Lucia', 2),
(35, 'Santo Tomas', 2),
(36, 'Bogotá D.C.', 3),
(37, 'Cartagena', 4),
(38, 'Córdoba', 4),
(39, 'Magangué', 4),
(40, 'Margarita', 4),
(41, 'Santa Catalina', 4),
(42, 'Turbaco', 4),
(43, 'Villanueva', 4),
(44, 'Chiquinquirá', 5),
(45, 'Duitama', 5),
(46, 'Tunja', 5),
(47, 'Sogamoso', 5),
(48, 'Villa de Leyva', 5),
(49, 'La Dorada', 6),
(50, 'Manizales', 6),
(51, 'Marquetalia', 6),
(52, 'Risaralda', 6),
(53, 'San Jose de Caldas', 6),
(54, 'Curillo', 7),
(55, 'Florencia', 7),
(56, 'San José del Fragua', 7),
(57, 'San Vicente del Caguan', 7),
(58, 'Bolivar', 8),
(59, 'Guachené', 8),
(60, 'La Sierra', 8),
(61, 'Popayan', 8),
(62, 'Puerto Tejada', 8),
(63, 'Sucre', 8),
(64, 'Villarica', 8),
(65, 'Aguachica', 9),
(66, 'Bosconia', 9),
(67, 'Chimichagua', 9),
(68, 'Curumani', 9),
(69, 'a Gloria', 9),
(70, 'Puebo Bello', 9),
(71, 'San Martin', 9),
(72, 'Valledupar', 9),
(73, 'Buenavista', 10),
(74, 'Cienaga de Oro', 10),
(75, 'Montelibano', 10),
(76, 'Monteria', 10),
(77, 'Pueblo Nuevo', 10),
(78, 'Puerto Escondido', 10),
(79, 'Anapoima', 11),
(80, 'Anolaima', 11),
(81, 'Apulo', 11),
(82, 'Cachipay', 11),
(83, 'Cajica', 11),
(84, 'Chia', 11),
(85, 'Choconta', 11),
(86, 'Cota', 11),
(87, 'Facatativa', 11),
(88, 'Funza', 11),
(89, 'Fusagasuga', 11),
(90, 'Girardot', 11),
(91, 'Guatavita', 11),
(92, 'La calera', 11),
(93, 'La mesa', 11),
(94, 'Madrid', 11),
(95, 'Mosquera', 11),
(96, 'Nocaima', 11),
(97, 'Sibate', 11),
(98, 'Silvania', 11),
(99, 'Soacha', 11),
(100, 'Subachoque', 11),
(101, 'Villeta', 11),
(102, 'Yacopi', 11),
(103, 'Zipaquira', 11),
(104, 'Atrato', 12),
(105, 'Bojaya', 12),
(106, 'Quibdo', 12),
(107, 'Rio Quito', 12),
(108, 'San Jose del Palmar', 12),
(109, 'Acevedo', 13),
(110, 'Algeciras', 13),
(111, 'Altamira', 13),
(112, 'Campoalegre', 13),
(113, 'Neiva', 13),
(114, 'Palermo', 13),
(115, 'Pitalito', 13),
(116, 'Yaguara', 13),
(117, 'Albania', 14),
(118, 'Barrancas', 14),
(119, 'Maicao', 14),
(120, 'Riohacha', 14),
(121, 'Cienaga', 15),
(122, 'Nueva Granada', 15),
(123, 'Santa Marta', 15),
(124, 'Zapayan', 15),
(125, 'Cordoba', 16),
(126, 'Ipiales', 16),
(127, 'La Florida', 16),
(128, 'Leiva', 16),
(129, 'Mosquera', 16),
(130, 'Pasto', 16),
(131, 'Tumaco', 16),
(132, 'Barrancabermeja', 17),
(133, 'Chinacota', 17),
(134, 'Cucuta', 17),
(135, 'Puerto Santander', 17),
(136, 'Villa del Rosario', 17),
(137, 'Armenia', 18),
(138, 'Buenavista', 18),
(139, 'Calarca', 18),
(140, 'Cordoba', 18),
(141, 'Montenegro', 18),
(142, 'Dos Quebrada', 19),
(143, 'Guatica', 19),
(144, 'Pereira', 19),
(145, 'Pueblorico', 19),
(146, 'Quinchia', 19),
(147, 'Aracota', 20),
(148, 'Barichara', 20),
(149, 'Bolivar', 20),
(150, 'Bucaramanga', 20),
(151, 'Curiti', 20),
(152, 'FloridaBlanca', 20),
(153, 'Buenavista', 21),
(154, 'Majagual', 21),
(155, 'Sincelejo', 21),
(156, 'Sucre', 21),
(157, 'Alpujarra', 22),
(158, 'Alvarado', 22),
(159, 'Armero', 22),
(160, 'Ataco', 22),
(161, 'Cajamarca', 22),
(162, 'Carmen de Apicala', 22),
(163, 'Chaparral', 22),
(164, 'Coello', 22),
(165, 'Coyaima', 22),
(166, 'Cunday', 22),
(167, 'Dolores', 22),
(168, 'Espinal', 22),
(169, 'Flandes', 22),
(170, 'Fresno', 22),
(171, 'Guamo', 22),
(172, 'Honda', 22),
(173, 'Ibagué', 22),
(174, 'Icononzo', 22),
(175, 'Libano', 22),
(176, 'Mariquita', 22),
(177, 'Melgar', 22),
(178, 'Murillo', 22),
(179, 'Natagaima', 22),
(180, 'Ortega', 22),
(181, 'Planadas', 22),
(182, 'Prado', 22),
(183, 'Purificación', 22),
(184, 'RioBlanco', 22),
(185, 'Roncesvalles', 22),
(186, 'Rovira', 22),
(187, 'Saldaña', 22),
(188, 'San Antonio', 22),
(189, 'San Luis', 22),
(190, 'Valle de San Juan', 22),
(191, 'Venadillo', 22),
(192, 'VillaHermosa', 22),
(193, 'VillaRica', 22),
(194, 'Alcala', 23),
(195, 'Buenaventura', 23),
(196, 'Buga', 23),
(197, 'Cali', 23),
(198, 'Florida', 23),
(199, 'Palmira', 23),
(200, 'Restrepo', 23),
(201, 'Tulua', 23),
(202, 'Arauca', 24),
(203, 'Arauquita', 24),
(204, 'Saravena', 24),
(205, 'Tame', 24),
(206, 'Aguazul', 25),
(207, 'Monterrey', 25),
(208, 'Sabanalarga', 25),
(209, 'Tauramena', 25),
(210, 'Villanueva', 25),
(211, 'Yopal', 25),
(212, 'Mocoa', 26),
(213, 'Puerto Asis', 26),
(214, 'Villa Amazonica', 26),
(215, 'VillaGarzon', 26),
(216, 'Providencia', 27),
(217, 'San Andrés', 27),
(218, 'Leticia', 28),
(219, 'Puerto Arica', 28),
(220, 'Puerto Nariño', 28),
(221, 'Puerto Santander', 28),
(222, 'Cacahual', 29),
(223, 'Guaviare', 29),
(224, 'PTO Inrida', 29),
(225, 'Calamar', 30),
(226, 'El Retorno', 30),
(227, 'MiraFlores', 30),
(228, 'San Jose del Guaviare', 30),
(229, 'Mitú', 31),
(230, 'Morichal', 31),
(231, 'Taraira', 31),
(232, 'La Primavera', 32),
(233, 'Puerto Carreño', 32),
(234, 'Puerto Murillo', 32),
(235, 'Puerto Nariño', 32),
(236, 'El Carmen', 33),
(237, 'Granada', 33),
(238, 'La Macarena', 33),
(239, 'Mesetas', 33),
(240, 'Puerto Gaitan', 33),
(241, 'Villavicencio', 33);

-- --------------------------------------------------------

--
-- Estructura de tabla para la tabla `rh`
--

CREATE TABLE `rh` (
  `id_rh` int(2) NOT NULL,
  `rh` varchar(5) NOT NULL
) ENGINE=InnoDB DEFAULT CHARSET=latin1 COLLATE=latin1_swedish_ci;

--
-- Volcado de datos para la tabla `rh`
--

INSERT INTO `rh` (`id_rh`, `rh`) VALUES
(1, 'A+'),
(2, 'A-'),
(3, 'B+'),
(4, 'B-'),
(5, 'AB+'),
(6, 'AB-'),
(7, 'O+'),
(8, 'O-');

-- --------------------------------------------------------

--
-- Estructura de tabla para la tabla `roles`
--

CREATE TABLE `roles` (
  `id_rol` int(3) NOT NULL,
  `rol` varchar(20) NOT NULL
) ENGINE=InnoDB DEFAULT CHARSET=latin1 COLLATE=latin1_swedish_ci;

--
-- Volcado de datos para la tabla `roles`
--

INSERT INTO `roles` (`id_rol`, `rol`) VALUES
(1, 'Desarrollador'),
(2, 'Administrador'),
(3, 'Medico'),
(4, 'Farmaceuta'),
(5, 'Paciente');

-- --------------------------------------------------------

--
-- Estructura de tabla para la tabla `tipo_medicamento`
--

CREATE TABLE `tipo_medicamento` (
  `id_cla` int(3) NOT NULL,
  `clasificacion` varchar(30) NOT NULL
) ENGINE=InnoDB DEFAULT CHARSET=latin1 COLLATE=latin1_swedish_ci;

--
-- Volcado de datos para la tabla `tipo_medicamento`
--

INSERT INTO `tipo_medicamento` (`id_cla`, `clasificacion`) VALUES
(1, 'Analgesicos'),
(2, 'Antibioticos'),
(3, 'Anticonvulsivos'),
(4, 'Antidepresivos'),
(5, 'Antidiabeticos'),
(6, 'Antihipertensivos'),
(7, 'Antiinflamatorios'),
(8, 'Antipireticos'),
(9, 'Antitusivos'),
(10, 'Jarabe');

-- --------------------------------------------------------

--
-- Estructura de tabla para la tabla `trigg`
--

CREATE TABLE `trigg` (
  `n_password` varchar(500) DEFAULT NULL,
  `v_password` varchar(500) DEFAULT NULL,
  `tipo` varchar(20) NOT NULL,
  `fecha_creacion` datetime NOT NULL DEFAULT current_timestamp()
) ENGINE=InnoDB DEFAULT CHARSET=utf8mb4 COLLATE=utf8mb4_general_ci;

--
-- Volcado de datos para la tabla `trigg`
--

INSERT INTO `trigg` (`n_password`, `v_password`, `tipo`, `fecha_creacion`) VALUES
('$2y$10$tgxzhYlCkVFTwGk310aYh.Kth5w2hvQp.a3mN3Ny9g1H4aNXYi8M.', '$2y$10$tgxzhYlCkVFTwGk310aYh.Kth5w2hvQp.a3mN3Ny9g1H4aNXYi8M.', 'update', '2024-03-02 23:28:57'),
('$2y$10$Csua5/iUyLYxue.JSNC5f.UOGGFHthsqHexKWb2ILzbHMat5hyXUO', '$2y$10$Csua5/iUyLYxue.JSNC5f.UOGGFHthsqHexKWb2ILzbHMat5hyXUO', 'update', '2024-03-02 23:35:15'),
('$2y$10$Csua5/iUyLYxue.JSNC5f.UOGGFHthsqHexKWb2ILzbHMat5hyXUO', '$2y$10$Csua5/iUyLYxue.JSNC5f.UOGGFHthsqHexKWb2ILzbHMat5hyXUO', 'update', '2024-03-02 23:35:26'),
('$2y$10$Csua5/iUyLYxue.JSNC5f.UOGGFHthsqHexKWb2ILzbHMat5hyXUO', '$2y$10$/ueZ6P1lDq0GhQ5XOzl29OvS1c6QXuCW827M7DVLJagpsehfiQ/Oe', 'update', '2024-03-03 10:41:56'),
('$2y$10$Csua5/iUyLYxue.JSNC5f.UOGGFHthsqHexKWb2ILzbHMat5hyXUO', '$2y$10$Csua5/iUyLYxue.JSNC5f.UOGGFHthsqHexKWb2ILzbHMat5hyXUO', 'update', '2024-03-21 17:35:06'),
('$2y$10$Csua5/iUyLYxue.JSNC5f.UOGGFHthsqHexKWb2ILzbHMat5hyXUO', '$2y$10$Csua5/iUyLYxue.JSNC5f.UOGGFHthsqHexKWb2ILzbHMat5hyXUO', 'update', '2024-03-21 17:35:13'),
('$2y$10$Csua5/iUyLYxue.JSNC5f.UOGGFHthsqHexKWb2ILzbHMat5hyXUO', '$2y$10$Csua5/iUyLYxue.JSNC5f.UOGGFHthsqHexKWb2ILzbHMat5hyXUO', 'update', '2024-03-21 19:24:39'),
('$2y$10$Csua5/iUyLYxue.JSNC5f.UOGGFHthsqHexKWb2ILzbHMat5hyXUO', '$2y$10$Csua5/iUyLYxue.JSNC5f.UOGGFHthsqHexKWb2ILzbHMat5hyXUO', 'update', '2024-03-21 19:36:36'),
('$2y$10$Csua5/iUyLYxue.JSNC5f.UOGGFHthsqHexKWb2ILzbHMat5hyXUO', '$2y$10$Csua5/iUyLYxue.JSNC5f.UOGGFHthsqHexKWb2ILzbHMat5hyXUO', 'update', '2024-05-03 11:04:34'),
('$2y$10$Csua5/iUyLYxue.JSNC5f.UOGGFHthsqHexKWb2ILzbHMat5hyXUO', '$2y$10$Csua5/iUyLYxue.JSNC5f.UOGGFHthsqHexKWb2ILzbHMat5hyXUO', 'update', '2024-05-03 11:13:56'),
('$2y$10$sczcuDFcLc1Q9lBJ1yqp3OZRyAvVvjW5oPzit2gzXv3XzpAcju/zK', '$2y$10$sczcuDFcLc1Q9lBJ1yqp3OZRyAvVvjW5oPzit2gzXv3XzpAcju/zK', 'update', '2024-05-03 14:25:02'),
('$2y$10$sczcuDFcLc1Q9lBJ1yqp3OZRyAvVvjW5oPzit2gzXv3XzpAcju/zK', '$2y$10$sczcuDFcLc1Q9lBJ1yqp3OZRyAvVvjW5oPzit2gzXv3XzpAcju/zK', 'update', '2024-05-03 14:25:48'),
('$2y$10$Csua5/iUyLYxue.JSNC5f.UOGGFHthsqHexKWb2ILzbHMat5hyXUO', '$2y$10$Csua5/iUyLYxue.JSNC5f.UOGGFHthsqHexKWb2ILzbHMat5hyXUO', 'update', '2024-05-08 06:59:49'),
('$2y$10$sczcuDFcLc1Q9lBJ1yqp3OZRyAvVvjW5oPzit2gzXv3XzpAcju/zK', '$2y$10$sczcuDFcLc1Q9lBJ1yqp3OZRyAvVvjW5oPzit2gzXv3XzpAcju/zK', 'update', '2024-05-08 07:39:56'),
('$2y$10$YP92x3h.8.UkNTZ.npNxj.VnKT5Aspz9ABIAlZTiS5.OePZTECV5a', '$2y$10$YP92x3h.8.UkNTZ.npNxj.VnKT5Aspz9ABIAlZTiS5.OePZTECV5a', 'update', '2024-05-09 16:37:30'),
('$2y$10$hbf3wAqhk/xE9cuVxVMVYeFMDbfHvYXfZzAyAiGcjA575W7EQj.bm', '$2y$10$hbf3wAqhk/xE9cuVxVMVYeFMDbfHvYXfZzAyAiGcjA575W7EQj.bm', 'update', '2024-05-09 16:39:00'),
('$2y$10$sczcuDFcLc1Q9lBJ1yqp3OZRyAvVvjW5oPzit2gzXv3XzpAcju/zK', '$2y$10$sczcuDFcLc1Q9lBJ1yqp3OZRyAvVvjW5oPzit2gzXv3XzpAcju/zK', 'update', '2024-05-09 16:39:10'),
('$2y$10$Csua5/iUyLYxue.JSNC5f.UOGGFHthsqHexKWb2ILzbHMat5hyXUO', '$2y$10$Csua5/iUyLYxue.JSNC5f.UOGGFHthsqHexKWb2ILzbHMat5hyXUO', 'update', '2024-05-09 16:39:53'),
('$2y$10$tgxzhYlCkVFTwGk310aYh.Kth5w2hvQp.a3mN3Ny9g1H4aNXYi8M.', '$2y$10$tgxzhYlCkVFTwGk310aYh.Kth5w2hvQp.a3mN3Ny9g1H4aNXYi8M.', 'update', '2024-05-09 16:40:28'),
('$2y$10$TYJFKZbibuno5.SpYna0duc.a6up7kuCw2bfbbrCnFxCs/ihXunHe', '$2y$10$TYJFKZbibuno5.SpYna0duc.a6up7kuCw2bfbbrCnFxCs/ihXunHe', 'update', '2024-05-09 16:43:10'),
('$2y$10$hbf3wAqhk/xE9cuVxVMVYeFMDbfHvYXfZzAyAiGcjA575W7EQj.bm', '$2y$10$hbf3wAqhk/xE9cuVxVMVYeFMDbfHvYXfZzAyAiGcjA575W7EQj.bm', 'update', '2024-05-09 16:43:23'),
('$2y$10$M1Ce1H3hlrmjpj5y1ozh0O3v5a2GH0jnxVG2oDDTn8scg8jfzzYe.', '$2y$10$M1Ce1H3hlrmjpj5y1ozh0O3v5a2GH0jnxVG2oDDTn8scg8jfzzYe.', 'update', '2024-05-09 16:45:27'),
('$2y$10$M1Ce1H3hlrmjpj5y1ozh0O3v5a2GH0jnxVG2oDDTn8scg8jfzzYe.', '$2y$10$M1Ce1H3hlrmjpj5y1ozh0O3v5a2GH0jnxVG2oDDTn8scg8jfzzYe.', 'update', '2024-05-09 16:46:07'),
('$2y$10$LjYX4iryaOVjTKMNJ9dp8exa2qlUuZcbfYZ8lWm/NP9ng9eKRdJEG', '$2y$10$LjYX4iryaOVjTKMNJ9dp8exa2qlUuZcbfYZ8lWm/NP9ng9eKRdJEG', 'update', '2024-05-09 16:49:43'),
('$2y$10$sczcuDFcLc1Q9lBJ1yqp3OZRyAvVvjW5oPzit2gzXv3XzpAcju/zK', '$2y$10$sczcuDFcLc1Q9lBJ1yqp3OZRyAvVvjW5oPzit2gzXv3XzpAcju/zK', 'update', '2024-05-09 16:50:46'),
('$2y$10$LjYX4iryaOVjTKMNJ9dp8exa2qlUuZcbfYZ8lWm/NP9ng9eKRdJEG', '$2y$10$LjYX4iryaOVjTKMNJ9dp8exa2qlUuZcbfYZ8lWm/NP9ng9eKRdJEG', 'update', '2024-05-09 16:50:53'),
('$2y$10$YP92x3h.8.UkNTZ.npNxj.VnKT5Aspz9ABIAlZTiS5.OePZTECV5a', '$2y$10$YP92x3h.8.UkNTZ.npNxj.VnKT5Aspz9ABIAlZTiS5.OePZTECV5a', 'update', '2024-05-09 16:50:57'),
('$2y$10$M1Ce1H3hlrmjpj5y1ozh0O3v5a2GH0jnxVG2oDDTn8scg8jfzzYe.', '$2y$10$M1Ce1H3hlrmjpj5y1ozh0O3v5a2GH0jnxVG2oDDTn8scg8jfzzYe.', 'update', '2024-05-09 16:51:03'),
('$2y$10$sczcuDFcLc1Q9lBJ1yqp3OZRyAvVvjW5oPzit2gzXv3XzpAcju/zK', '$2y$10$sczcuDFcLc1Q9lBJ1yqp3OZRyAvVvjW5oPzit2gzXv3XzpAcju/zK', 'update', '2024-05-09 16:51:56'),
('$2y$10$LjYX4iryaOVjTKMNJ9dp8exa2qlUuZcbfYZ8lWm/NP9ng9eKRdJEG', '$2y$10$LjYX4iryaOVjTKMNJ9dp8exa2qlUuZcbfYZ8lWm/NP9ng9eKRdJEG', 'update', '2024-05-09 16:52:13'),
('$2y$10$M1Ce1H3hlrmjpj5y1ozh0O3v5a2GH0jnxVG2oDDTn8scg8jfzzYe.', '$2y$10$M1Ce1H3hlrmjpj5y1ozh0O3v5a2GH0jnxVG2oDDTn8scg8jfzzYe.', 'update', '2024-05-09 16:52:26'),
('$2y$10$YP92x3h.8.UkNTZ.npNxj.VnKT5Aspz9ABIAlZTiS5.OePZTECV5a', '$2y$10$YP92x3h.8.UkNTZ.npNxj.VnKT5Aspz9ABIAlZTiS5.OePZTECV5a', 'update', '2024-05-09 18:08:31'),
('$2y$10$hbf3wAqhk/xE9cuVxVMVYeFMDbfHvYXfZzAyAiGcjA575W7EQj.bm', '$2y$10$hbf3wAqhk/xE9cuVxVMVYeFMDbfHvYXfZzAyAiGcjA575W7EQj.bm', 'update', '2024-05-09 18:08:34'),
('$2y$10$tgxzhYlCkVFTwGk310aYh.Kth5w2hvQp.a3mN3Ny9g1H4aNXYi8M.', '$2y$10$tgxzhYlCkVFTwGk310aYh.Kth5w2hvQp.a3mN3Ny9g1H4aNXYi8M.', 'update', '2024-05-09 18:08:37'),
('$2y$10$TYJFKZbibuno5.SpYna0duc.a6up7kuCw2bfbbrCnFxCs/ihXunHe', '$2y$10$TYJFKZbibuno5.SpYna0duc.a6up7kuCw2bfbbrCnFxCs/ihXunHe', 'update', '2024-05-09 18:08:41'),
('$2y$10$GVXLX/6r5YA4amnDbAMRBODFxiLBQqOmzfpE/Y6Fmo0Vgu88Tdh0m', '$2y$10$GVXLX/6r5YA4amnDbAMRBODFxiLBQqOmzfpE/Y6Fmo0Vgu88Tdh0m', 'update', '2024-05-09 18:08:43'),
('$2y$10$Csua5/iUyLYxue.JSNC5f.UOGGFHthsqHexKWb2ILzbHMat5hyXUO', '$2y$10$Csua5/iUyLYxue.JSNC5f.UOGGFHthsqHexKWb2ILzbHMat5hyXUO', 'update', '2024-05-09 18:16:25'),
('$2y$10$GVXLX/6r5YA4amnDbAMRBODFxiLBQqOmzfpE/Y6Fmo0Vgu88Tdh0m', '$2y$10$GVXLX/6r5YA4amnDbAMRBODFxiLBQqOmzfpE/Y6Fmo0Vgu88Tdh0m', 'update', '2024-05-09 18:16:57'),
('$2y$10$TYJFKZbibuno5.SpYna0duc.a6up7kuCw2bfbbrCnFxCs/ihXunHe', '$2y$10$TYJFKZbibuno5.SpYna0duc.a6up7kuCw2bfbbrCnFxCs/ihXunHe', 'update', '2024-05-09 18:17:06'),
('$2y$10$tgxzhYlCkVFTwGk310aYh.Kth5w2hvQp.a3mN3Ny9g1H4aNXYi8M.', '$2y$10$tgxzhYlCkVFTwGk310aYh.Kth5w2hvQp.a3mN3Ny9g1H4aNXYi8M.', 'update', '2024-05-09 18:17:19'),
('$2y$10$hbf3wAqhk/xE9cuVxVMVYeFMDbfHvYXfZzAyAiGcjA575W7EQj.bm', '$2y$10$hbf3wAqhk/xE9cuVxVMVYeFMDbfHvYXfZzAyAiGcjA575W7EQj.bm', 'update', '2024-05-09 18:17:25'),
('$2y$10$YP92x3h.8.UkNTZ.npNxj.VnKT5Aspz9ABIAlZTiS5.OePZTECV5a', '$2y$10$YP92x3h.8.UkNTZ.npNxj.VnKT5Aspz9ABIAlZTiS5.OePZTECV5a', 'update', '2024-05-09 18:17:36'),
('$2y$10$sczcuDFcLc1Q9lBJ1yqp3OZRyAvVvjW5oPzit2gzXv3XzpAcju/zK', '$2y$10$sczcuDFcLc1Q9lBJ1yqp3OZRyAvVvjW5oPzit2gzXv3XzpAcju/zK', 'update', '2024-05-09 18:17:53'),
('$2y$10$4Er5XPvRfHpO3dUS7ZhkVe2AEaONDw/8eLQ.3cWw6eh.EcDKUC70W', '$2y$10$4Er5XPvRfHpO3dUS7ZhkVe2AEaONDw/8eLQ.3cWw6eh.EcDKUC70W', 'update', '2024-05-09 18:17:58'),
('$2y$10$Csua5/iUyLYxue.JSNC5f.UOGGFHthsqHexKWb2ILzbHMat5hyXUO', '$2y$10$Csua5/iUyLYxue.JSNC5f.UOGGFHthsqHexKWb2ILzbHMat5hyXUO', 'update', '2024-05-09 18:18:24'),
('$2y$10$YP92x3h.8.UkNTZ.npNxj.VnKT5Aspz9ABIAlZTiS5.OePZTECV5a', '$2y$10$YP92x3h.8.UkNTZ.npNxj.VnKT5Aspz9ABIAlZTiS5.OePZTECV5a', 'update', '2024-05-09 18:19:00'),
('$2y$10$YP92x3h.8.UkNTZ.npNxj.VnKT5Aspz9ABIAlZTiS5.OePZTECV5a', '$2y$10$YP92x3h.8.UkNTZ.npNxj.VnKT5Aspz9ABIAlZTiS5.OePZTECV5a', 'update', '2024-05-09 18:19:14'),
('$2y$10$YP92x3h.8.UkNTZ.npNxj.VnKT5Aspz9ABIAlZTiS5.OePZTECV5a', '$2y$10$YP92x3h.8.UkNTZ.npNxj.VnKT5Aspz9ABIAlZTiS5.OePZTECV5a', 'update', '2024-05-09 18:19:20'),
('$2y$10$YP92x3h.8.UkNTZ.npNxj.VnKT5Aspz9ABIAlZTiS5.OePZTECV5a', '$2y$10$YP92x3h.8.UkNTZ.npNxj.VnKT5Aspz9ABIAlZTiS5.OePZTECV5a', 'update', '2024-05-09 18:21:11'),
('$2y$10$tgxzhYlCkVFTwGk310aYh.Kth5w2hvQp.a3mN3Ny9g1H4aNXYi8M.', '$2y$10$tgxzhYlCkVFTwGk310aYh.Kth5w2hvQp.a3mN3Ny9g1H4aNXYi8M.', 'update', '2024-05-09 18:21:19'),
('$2y$10$YP92x3h.8.UkNTZ.npNxj.VnKT5Aspz9ABIAlZTiS5.OePZTECV5a', '$2y$10$YP92x3h.8.UkNTZ.npNxj.VnKT5Aspz9ABIAlZTiS5.OePZTECV5a', 'update', '2024-05-09 18:23:15'),
('$2y$10$hbf3wAqhk/xE9cuVxVMVYeFMDbfHvYXfZzAyAiGcjA575W7EQj.bm', '$2y$10$hbf3wAqhk/xE9cuVxVMVYeFMDbfHvYXfZzAyAiGcjA575W7EQj.bm', 'update', '2024-05-09 18:26:29'),
('$2y$10$TYJFKZbibuno5.SpYna0duc.a6up7kuCw2bfbbrCnFxCs/ihXunHe', '$2y$10$TYJFKZbibuno5.SpYna0duc.a6up7kuCw2bfbbrCnFxCs/ihXunHe', 'update', '2024-05-09 18:48:36'),
('$2y$10$YP92x3h.8.UkNTZ.npNxj.VnKT5Aspz9ABIAlZTiS5.OePZTECV5a', '$2y$10$YP92x3h.8.UkNTZ.npNxj.VnKT5Aspz9ABIAlZTiS5.OePZTECV5a', 'update', '2024-05-09 18:50:37'),
('$2y$10$sczcuDFcLc1Q9lBJ1yqp3OZRyAvVvjW5oPzit2gzXv3XzpAcju/zK', '$2y$10$sczcuDFcLc1Q9lBJ1yqp3OZRyAvVvjW5oPzit2gzXv3XzpAcju/zK', 'update', '2024-05-09 18:51:16'),
('$2y$10$YP92x3h.8.UkNTZ.npNxj.VnKT5Aspz9ABIAlZTiS5.OePZTECV5a', '$2y$10$YP92x3h.8.UkNTZ.npNxj.VnKT5Aspz9ABIAlZTiS5.OePZTECV5a', 'update', '2024-05-09 18:51:30'),
('$2y$10$YP92x3h.8.UkNTZ.npNxj.VnKT5Aspz9ABIAlZTiS5.OePZTECV5a', '$2y$10$YP92x3h.8.UkNTZ.npNxj.VnKT5Aspz9ABIAlZTiS5.OePZTECV5a', 'update', '2024-05-09 18:59:42'),
('$2y$10$sczcuDFcLc1Q9lBJ1yqp3OZRyAvVvjW5oPzit2gzXv3XzpAcju/zK', '$2y$10$sczcuDFcLc1Q9lBJ1yqp3OZRyAvVvjW5oPzit2gzXv3XzpAcju/zK', 'update', '2024-05-09 19:10:08'),
('$2y$10$sczcuDFcLc1Q9lBJ1yqp3OZRyAvVvjW5oPzit2gzXv3XzpAcju/zK', '$2y$10$sczcuDFcLc1Q9lBJ1yqp3OZRyAvVvjW5oPzit2gzXv3XzpAcju/zK', 'update', '2024-05-09 19:10:15'),
('$2y$10$sczcuDFcLc1Q9lBJ1yqp3OZRyAvVvjW5oPzit2gzXv3XzpAcju/zK', '$2y$10$sczcuDFcLc1Q9lBJ1yqp3OZRyAvVvjW5oPzit2gzXv3XzpAcju/zK', 'update', '2024-05-09 19:10:45'),
('$2y$10$sczcuDFcLc1Q9lBJ1yqp3OZRyAvVvjW5oPzit2gzXv3XzpAcju/zK', '$2y$10$sczcuDFcLc1Q9lBJ1yqp3OZRyAvVvjW5oPzit2gzXv3XzpAcju/zK', 'update', '2024-05-09 19:10:48'),
('$2y$10$GVXLX/6r5YA4amnDbAMRBODFxiLBQqOmzfpE/Y6Fmo0Vgu88Tdh0m', '$2y$10$GVXLX/6r5YA4amnDbAMRBODFxiLBQqOmzfpE/Y6Fmo0Vgu88Tdh0m', 'update', '2024-05-09 19:13:30'),
('$2y$10$hbf3wAqhk/xE9cuVxVMVYeFMDbfHvYXfZzAyAiGcjA575W7EQj.bm', '$2y$10$hbf3wAqhk/xE9cuVxVMVYeFMDbfHvYXfZzAyAiGcjA575W7EQj.bm', 'update', '2024-05-09 19:14:18'),
('$2y$10$qGALdxLPgvOV.hgDeuTbNeVdF9mf86zNrNKGKhGO3t/JC7ejHv9Yu', '$2y$10$qGALdxLPgvOV.hgDeuTbNeVdF9mf86zNrNKGKhGO3t/JC7ejHv9Yu', 'update', '2024-05-14 09:26:01'),
('$2y$10$Ty6V5Rsq3sa3o9xdg3wvzurk.4GDfWDD2jnAQBWw0o.X9/abuU5yK', '$2y$10$Ty6V5Rsq3sa3o9xdg3wvzurk.4GDfWDD2jnAQBWw0o.X9/abuU5yK', 'update', '2024-05-14 09:31:40'),
('$2y$10$38Y5VeED/nkAfSwUwAUrruFRb.WFCYI9x9Io4Pqg.ZhfP8uyXOcTO', '$2y$10$38Y5VeED/nkAfSwUwAUrruFRb.WFCYI9x9Io4Pqg.ZhfP8uyXOcTO', 'update', '2024-05-14 09:32:16'),
('$2y$10$Nc12rdh8A/TrslGo5RRL.en/rkUtSb1ghx/VKsCXzLqyp5IuQdSjy', '$2y$10$Nc12rdh8A/TrslGo5RRL.en/rkUtSb1ghx/VKsCXzLqyp5IuQdSjy', 'update', '2024-05-14 09:36:04'),
('$2y$10$Nc12rdh8A/TrslGo5RRL.en/rkUtSb1ghx/VKsCXzLqyp5IuQdSjy', '$2y$10$Nc12rdh8A/TrslGo5RRL.en/rkUtSb1ghx/VKsCXzLqyp5IuQdSjy', 'update', '2024-05-14 10:41:16'),
('$2y$10$Nc12rdh8A/TrslGo5RRL.en/rkUtSb1ghx/VKsCXzLqyp5IuQdSjy', '$2y$10$Nc12rdh8A/TrslGo5RRL.en/rkUtSb1ghx/VKsCXzLqyp5IuQdSjy', 'update', '2024-05-14 10:41:22'),
('$2y$10$Nc12rdh8A/TrslGo5RRL.en/rkUtSb1ghx/VKsCXzLqyp5IuQdSjy', '$2y$10$Nc12rdh8A/TrslGo5RRL.en/rkUtSb1ghx/VKsCXzLqyp5IuQdSjy', 'update', '2024-05-14 11:25:04'),
('$2y$10$Nc12rdh8A/TrslGo5RRL.en/rkUtSb1ghx/VKsCXzLqyp5IuQdSjy', '$2y$10$Nc12rdh8A/TrslGo5RRL.en/rkUtSb1ghx/VKsCXzLqyp5IuQdSjy', 'update', '2024-05-14 11:28:56'),
('$2y$10$Nc12rdh8A/TrslGo5RRL.en/rkUtSb1ghx/VKsCXzLqyp5IuQdSjy', '$2y$10$Nc12rdh8A/TrslGo5RRL.en/rkUtSb1ghx/VKsCXzLqyp5IuQdSjy', 'update', '2024-05-14 11:29:01'),
('$2y$10$Nc12rdh8A/TrslGo5RRL.en/rkUtSb1ghx/VKsCXzLqyp5IuQdSjy', '$2y$10$Nc12rdh8A/TrslGo5RRL.en/rkUtSb1ghx/VKsCXzLqyp5IuQdSjy', 'update', '2024-05-15 10:30:08'),
('$2y$10$Nc12rdh8A/TrslGo5RRL.en/rkUtSb1ghx/VKsCXzLqyp5IuQdSjy', '$2y$10$Nc12rdh8A/TrslGo5RRL.en/rkUtSb1ghx/VKsCXzLqyp5IuQdSjy', 'update', '2024-05-15 10:30:12'),
('$2y$10$qGALdxLPgvOV.hgDeuTbNeVdF9mf86zNrNKGKhGO3t/JC7ejHv9Yu', '$2y$10$qGALdxLPgvOV.hgDeuTbNeVdF9mf86zNrNKGKhGO3t/JC7ejHv9Yu', 'update', '2024-05-15 10:30:17'),
('$2y$10$Ty6V5Rsq3sa3o9xdg3wvzurk.4GDfWDD2jnAQBWw0o.X9/abuU5yK', '$2y$10$Ty6V5Rsq3sa3o9xdg3wvzurk.4GDfWDD2jnAQBWw0o.X9/abuU5yK', 'update', '2024-05-15 10:36:16'),
('$2y$10$rQE0y0KfiOItTsrxj/.oDe2G/J78ySu.JD5gp4iogRdj8hPoDkCTS', '$2y$10$rQE0y0KfiOItTsrxj/.oDe2G/J78ySu.JD5gp4iogRdj8hPoDkCTS', 'update', '2024-05-15 10:56:40'),
('$2y$10$W9gCCOEzUIO4.y.PsvvMLOrlaXGt8XuHjodmXZMfulaxTuBhKfh4O', '$2y$10$W9gCCOEzUIO4.y.PsvvMLOrlaXGt8XuHjodmXZMfulaxTuBhKfh4O', 'update', '2024-05-15 10:56:53'),
('$2y$10$Nc12rdh8A/TrslGo5RRL.en/rkUtSb1ghx/VKsCXzLqyp5IuQdSjy', '$2y$10$Nc12rdh8A/TrslGo5RRL.en/rkUtSb1ghx/VKsCXzLqyp5IuQdSjy', 'update', '2024-05-15 10:57:20'),
('$2y$10$Nc12rdh8A/TrslGo5RRL.en/rkUtSb1ghx/VKsCXzLqyp5IuQdSjy', '$2y$10$Nc12rdh8A/TrslGo5RRL.en/rkUtSb1ghx/VKsCXzLqyp5IuQdSjy', 'update', '2024-05-15 10:57:23'),
('$2y$10$W9gCCOEzUIO4.y.PsvvMLOrlaXGt8XuHjodmXZMfulaxTuBhKfh4O', '$2y$10$W9gCCOEzUIO4.y.PsvvMLOrlaXGt8XuHjodmXZMfulaxTuBhKfh4O', 'update', '2024-05-15 10:57:44'),
('$2y$10$Nc12rdh8A/TrslGo5RRL.en/rkUtSb1ghx/VKsCXzLqyp5IuQdSjy', '$2y$10$Nc12rdh8A/TrslGo5RRL.en/rkUtSb1ghx/VKsCXzLqyp5IuQdSjy', 'update', '2024-05-15 12:33:44'),
('$2y$10$Nc12rdh8A/TrslGo5RRL.en/rkUtSb1ghx/VKsCXzLqyp5IuQdSjy', '$2y$10$Nc12rdh8A/TrslGo5RRL.en/rkUtSb1ghx/VKsCXzLqyp5IuQdSjy', 'update', '2024-05-15 12:35:50'),
('$2y$10$Nc12rdh8A/TrslGo5RRL.en/rkUtSb1ghx/VKsCXzLqyp5IuQdSjy', '$2y$10$Nc12rdh8A/TrslGo5RRL.en/rkUtSb1ghx/VKsCXzLqyp5IuQdSjy', 'update', '2024-05-15 12:36:51'),
('$2y$10$Nc12rdh8A/TrslGo5RRL.en/rkUtSb1ghx/VKsCXzLqyp5IuQdSjy', '$2y$10$Nc12rdh8A/TrslGo5RRL.en/rkUtSb1ghx/VKsCXzLqyp5IuQdSjy', 'update', '2024-05-15 12:36:54'),
('$2y$10$Nc12rdh8A/TrslGo5RRL.en/rkUtSb1ghx/VKsCXzLqyp5IuQdSjy', '$2y$10$Nc12rdh8A/TrslGo5RRL.en/rkUtSb1ghx/VKsCXzLqyp5IuQdSjy', 'update', '2024-05-15 12:38:34'),
('$2y$10$Nc12rdh8A/TrslGo5RRL.en/rkUtSb1ghx/VKsCXzLqyp5IuQdSjy', '$2y$10$Nc12rdh8A/TrslGo5RRL.en/rkUtSb1ghx/VKsCXzLqyp5IuQdSjy', 'update', '2024-05-15 12:38:43'),
('$2y$10$Nc12rdh8A/TrslGo5RRL.en/rkUtSb1ghx/VKsCXzLqyp5IuQdSjy', '$2y$10$Nc12rdh8A/TrslGo5RRL.en/rkUtSb1ghx/VKsCXzLqyp5IuQdSjy', 'update', '2024-05-15 12:42:46'),
('$2y$10$Nc12rdh8A/TrslGo5RRL.en/rkUtSb1ghx/VKsCXzLqyp5IuQdSjy', '$2y$10$Nc12rdh8A/TrslGo5RRL.en/rkUtSb1ghx/VKsCXzLqyp5IuQdSjy', 'update', '2024-05-15 12:43:15'),
('$2y$10$Nc12rdh8A/TrslGo5RRL.en/rkUtSb1ghx/VKsCXzLqyp5IuQdSjy', '$2y$10$Nc12rdh8A/TrslGo5RRL.en/rkUtSb1ghx/VKsCXzLqyp5IuQdSjy', 'update', '2024-05-15 12:43:29'),
('$2y$10$Nc12rdh8A/TrslGo5RRL.en/rkUtSb1ghx/VKsCXzLqyp5IuQdSjy', '$2y$10$Nc12rdh8A/TrslGo5RRL.en/rkUtSb1ghx/VKsCXzLqyp5IuQdSjy', 'update', '2024-05-15 12:45:03'),
('$2y$10$Nc12rdh8A/TrslGo5RRL.en/rkUtSb1ghx/VKsCXzLqyp5IuQdSjy', '$2y$10$Nc12rdh8A/TrslGo5RRL.en/rkUtSb1ghx/VKsCXzLqyp5IuQdSjy', 'update', '2024-05-15 12:47:32'),
('$2y$10$Nc12rdh8A/TrslGo5RRL.en/rkUtSb1ghx/VKsCXzLqyp5IuQdSjy', '$2y$10$Nc12rdh8A/TrslGo5RRL.en/rkUtSb1ghx/VKsCXzLqyp5IuQdSjy', 'update', '2024-05-15 12:47:39'),
('$2y$10$Nc12rdh8A/TrslGo5RRL.en/rkUtSb1ghx/VKsCXzLqyp5IuQdSjy', '$2y$10$Nc12rdh8A/TrslGo5RRL.en/rkUtSb1ghx/VKsCXzLqyp5IuQdSjy', 'update', '2024-05-15 12:47:44'),
('$2y$10$R2fBqslLXvEL2gbulrSNa.ZAm5VzLD.VAAEMPHQ0o5FAwc7HTGr8W', '$2y$10$R2fBqslLXvEL2gbulrSNa.ZAm5VzLD.VAAEMPHQ0o5FAwc7HTGr8W', 'update', '2024-05-16 06:19:21'),
('$2y$10$R2fBqslLXvEL2gbulrSNa.ZAm5VzLD.VAAEMPHQ0o5FAwc7HTGr8W', '$2y$10$R2fBqslLXvEL2gbulrSNa.ZAm5VzLD.VAAEMPHQ0o5FAwc7HTGr8W', 'update', '2024-05-16 07:25:02'),
('$2y$10$Nc12rdh8A/TrslGo5RRL.en/rkUtSb1ghx/VKsCXzLqyp5IuQdSjy', '$2y$10$Nc12rdh8A/TrslGo5RRL.en/rkUtSb1ghx/VKsCXzLqyp5IuQdSjy', 'update', '2024-05-16 07:25:14'),
('$2y$10$Nc12rdh8A/TrslGo5RRL.en/rkUtSb1ghx/VKsCXzLqyp5IuQdSjy', '$2y$10$Nc12rdh8A/TrslGo5RRL.en/rkUtSb1ghx/VKsCXzLqyp5IuQdSjy', 'update', '2024-05-16 07:26:18'),
('$2y$10$Nc12rdh8A/TrslGo5RRL.en/rkUtSb1ghx/VKsCXzLqyp5IuQdSjy', '$2y$10$Nc12rdh8A/TrslGo5RRL.en/rkUtSb1ghx/VKsCXzLqyp5IuQdSjy', 'update', '2024-05-16 07:26:27'),
('$2y$10$Nc12rdh8A/TrslGo5RRL.en/rkUtSb1ghx/VKsCXzLqyp5IuQdSjy', '$2y$10$Nc12rdh8A/TrslGo5RRL.en/rkUtSb1ghx/VKsCXzLqyp5IuQdSjy', 'update', '2024-05-16 07:26:32'),
('$2y$10$Nc12rdh8A/TrslGo5RRL.en/rkUtSb1ghx/VKsCXzLqyp5IuQdSjy', '$2y$10$Nc12rdh8A/TrslGo5RRL.en/rkUtSb1ghx/VKsCXzLqyp5IuQdSjy', 'update', '2024-05-16 07:28:47'),
('$2y$10$Nc12rdh8A/TrslGo5RRL.en/rkUtSb1ghx/VKsCXzLqyp5IuQdSjy', '$2y$10$Nc12rdh8A/TrslGo5RRL.en/rkUtSb1ghx/VKsCXzLqyp5IuQdSjy', 'update', '2024-05-16 07:38:46'),
('$2y$10$Nc12rdh8A/TrslGo5RRL.en/rkUtSb1ghx/VKsCXzLqyp5IuQdSjy', '$2y$10$Nc12rdh8A/TrslGo5RRL.en/rkUtSb1ghx/VKsCXzLqyp5IuQdSjy', 'update', '2024-05-16 07:38:57'),
('$2y$10$Nc12rdh8A/TrslGo5RRL.en/rkUtSb1ghx/VKsCXzLqyp5IuQdSjy', '$2y$10$Nc12rdh8A/TrslGo5RRL.en/rkUtSb1ghx/VKsCXzLqyp5IuQdSjy', 'update', '2024-05-16 10:41:57'),
('$2y$10$Nc12rdh8A/TrslGo5RRL.en/rkUtSb1ghx/VKsCXzLqyp5IuQdSjy', '$2y$10$Nc12rdh8A/TrslGo5RRL.en/rkUtSb1ghx/VKsCXzLqyp5IuQdSjy', 'update', '2024-05-16 10:42:36'),
('$2y$10$Nc12rdh8A/TrslGo5RRL.en/rkUtSb1ghx/VKsCXzLqyp5IuQdSjy', '$2y$10$Nc12rdh8A/TrslGo5RRL.en/rkUtSb1ghx/VKsCXzLqyp5IuQdSjy', 'update', '2024-05-16 10:42:44'),
('$2y$10$Nc12rdh8A/TrslGo5RRL.en/rkUtSb1ghx/VKsCXzLqyp5IuQdSjy', '$2y$10$Nc12rdh8A/TrslGo5RRL.en/rkUtSb1ghx/VKsCXzLqyp5IuQdSjy', 'update', '2024-05-16 10:43:43'),
('$2y$10$Nc12rdh8A/TrslGo5RRL.en/rkUtSb1ghx/VKsCXzLqyp5IuQdSjy', '$2y$10$Nc12rdh8A/TrslGo5RRL.en/rkUtSb1ghx/VKsCXzLqyp5IuQdSjy', 'update', '2024-05-16 10:44:24'),
('$2y$10$Nc12rdh8A/TrslGo5RRL.en/rkUtSb1ghx/VKsCXzLqyp5IuQdSjy', '$2y$10$Nc12rdh8A/TrslGo5RRL.en/rkUtSb1ghx/VKsCXzLqyp5IuQdSjy', 'update', '2024-05-16 10:44:39'),
('$2y$10$Nc12rdh8A/TrslGo5RRL.en/rkUtSb1ghx/VKsCXzLqyp5IuQdSjy', '$2y$10$Nc12rdh8A/TrslGo5RRL.en/rkUtSb1ghx/VKsCXzLqyp5IuQdSjy', 'update', '2024-05-16 10:44:57'),
('$2y$10$Nc12rdh8A/TrslGo5RRL.en/rkUtSb1ghx/VKsCXzLqyp5IuQdSjy', '$2y$10$Nc12rdh8A/TrslGo5RRL.en/rkUtSb1ghx/VKsCXzLqyp5IuQdSjy', 'update', '2024-05-16 10:45:18'),
('$2y$10$Nc12rdh8A/TrslGo5RRL.en/rkUtSb1ghx/VKsCXzLqyp5IuQdSjy', '$2y$10$Nc12rdh8A/TrslGo5RRL.en/rkUtSb1ghx/VKsCXzLqyp5IuQdSjy', 'update', '2024-05-16 10:49:20'),
('$2y$10$Nc12rdh8A/TrslGo5RRL.en/rkUtSb1ghx/VKsCXzLqyp5IuQdSjy', '$2y$10$Nc12rdh8A/TrslGo5RRL.en/rkUtSb1ghx/VKsCXzLqyp5IuQdSjy', 'update', '2024-05-16 10:49:41'),
('$2y$10$Nc12rdh8A/TrslGo5RRL.en/rkUtSb1ghx/VKsCXzLqyp5IuQdSjy', '$2y$10$Nc12rdh8A/TrslGo5RRL.en/rkUtSb1ghx/VKsCXzLqyp5IuQdSjy', 'update', '2024-05-16 10:49:53'),
('$2y$10$Nc12rdh8A/TrslGo5RRL.en/rkUtSb1ghx/VKsCXzLqyp5IuQdSjy', '$2y$10$Nc12rdh8A/TrslGo5RRL.en/rkUtSb1ghx/VKsCXzLqyp5IuQdSjy', 'update', '2024-05-16 10:52:48'),
('$2y$10$Nc12rdh8A/TrslGo5RRL.en/rkUtSb1ghx/VKsCXzLqyp5IuQdSjy', '$2y$10$Nc12rdh8A/TrslGo5RRL.en/rkUtSb1ghx/VKsCXzLqyp5IuQdSjy', 'update', '2024-05-16 10:53:58'),
('$2y$10$Nc12rdh8A/TrslGo5RRL.en/rkUtSb1ghx/VKsCXzLqyp5IuQdSjy', '$2y$10$Nc12rdh8A/TrslGo5RRL.en/rkUtSb1ghx/VKsCXzLqyp5IuQdSjy', 'update', '2024-05-16 10:54:11'),
('$2y$10$Nc12rdh8A/TrslGo5RRL.en/rkUtSb1ghx/VKsCXzLqyp5IuQdSjy', '$2y$10$Nc12rdh8A/TrslGo5RRL.en/rkUtSb1ghx/VKsCXzLqyp5IuQdSjy', 'update', '2024-05-16 10:54:14'),
('$2y$10$Nc12rdh8A/TrslGo5RRL.en/rkUtSb1ghx/VKsCXzLqyp5IuQdSjy', '$2y$10$Nc12rdh8A/TrslGo5RRL.en/rkUtSb1ghx/VKsCXzLqyp5IuQdSjy', 'update', '2024-05-16 10:55:19'),
('$2y$10$Nc12rdh8A/TrslGo5RRL.en/rkUtSb1ghx/VKsCXzLqyp5IuQdSjy', '$2y$10$Nc12rdh8A/TrslGo5RRL.en/rkUtSb1ghx/VKsCXzLqyp5IuQdSjy', 'update', '2024-05-16 10:55:25'),
('$2y$10$Nc12rdh8A/TrslGo5RRL.en/rkUtSb1ghx/VKsCXzLqyp5IuQdSjy', '$2y$10$Nc12rdh8A/TrslGo5RRL.en/rkUtSb1ghx/VKsCXzLqyp5IuQdSjy', 'update', '2024-05-16 10:58:57'),
('$2y$10$Nc12rdh8A/TrslGo5RRL.en/rkUtSb1ghx/VKsCXzLqyp5IuQdSjy', '$2y$10$Nc12rdh8A/TrslGo5RRL.en/rkUtSb1ghx/VKsCXzLqyp5IuQdSjy', 'update', '2024-05-16 10:59:01'),
('$2y$10$Nc12rdh8A/TrslGo5RRL.en/rkUtSb1ghx/VKsCXzLqyp5IuQdSjy', '$2y$10$Nc12rdh8A/TrslGo5RRL.en/rkUtSb1ghx/VKsCXzLqyp5IuQdSjy', 'update', '2024-05-16 11:00:21'),
('$2y$10$Nc12rdh8A/TrslGo5RRL.en/rkUtSb1ghx/VKsCXzLqyp5IuQdSjy', '$2y$10$Nc12rdh8A/TrslGo5RRL.en/rkUtSb1ghx/VKsCXzLqyp5IuQdSjy', 'update', '2024-05-16 11:00:24'),
('$2y$10$Nc12rdh8A/TrslGo5RRL.en/rkUtSb1ghx/VKsCXzLqyp5IuQdSjy', '$2y$10$Nc12rdh8A/TrslGo5RRL.en/rkUtSb1ghx/VKsCXzLqyp5IuQdSjy', 'update', '2024-05-16 11:00:33'),
('$2y$10$Nc12rdh8A/TrslGo5RRL.en/rkUtSb1ghx/VKsCXzLqyp5IuQdSjy', '$2y$10$Nc12rdh8A/TrslGo5RRL.en/rkUtSb1ghx/VKsCXzLqyp5IuQdSjy', 'update', '2024-05-16 11:01:11'),
('$2y$10$Nc12rdh8A/TrslGo5RRL.en/rkUtSb1ghx/VKsCXzLqyp5IuQdSjy', '$2y$10$Nc12rdh8A/TrslGo5RRL.en/rkUtSb1ghx/VKsCXzLqyp5IuQdSjy', 'update', '2024-05-16 11:14:33'),
('$2y$10$Nc12rdh8A/TrslGo5RRL.en/rkUtSb1ghx/VKsCXzLqyp5IuQdSjy', '$2y$10$Nc12rdh8A/TrslGo5RRL.en/rkUtSb1ghx/VKsCXzLqyp5IuQdSjy', 'update', '2024-05-16 11:15:13'),
('$2y$10$Nc12rdh8A/TrslGo5RRL.en/rkUtSb1ghx/VKsCXzLqyp5IuQdSjy', '$2y$10$Nc12rdh8A/TrslGo5RRL.en/rkUtSb1ghx/VKsCXzLqyp5IuQdSjy', 'update', '2024-05-16 11:17:29'),
('$2y$10$Nc12rdh8A/TrslGo5RRL.en/rkUtSb1ghx/VKsCXzLqyp5IuQdSjy', '$2y$10$Nc12rdh8A/TrslGo5RRL.en/rkUtSb1ghx/VKsCXzLqyp5IuQdSjy', 'update', '2024-05-16 11:17:41'),
('$2y$10$Nc12rdh8A/TrslGo5RRL.en/rkUtSb1ghx/VKsCXzLqyp5IuQdSjy', '$2y$10$Nc12rdh8A/TrslGo5RRL.en/rkUtSb1ghx/VKsCXzLqyp5IuQdSjy', 'update', '2024-05-16 11:19:53'),
('$2y$10$Nc12rdh8A/TrslGo5RRL.en/rkUtSb1ghx/VKsCXzLqyp5IuQdSjy', '$2y$10$Nc12rdh8A/TrslGo5RRL.en/rkUtSb1ghx/VKsCXzLqyp5IuQdSjy', 'update', '2024-05-16 11:20:16'),
('$2y$10$Nc12rdh8A/TrslGo5RRL.en/rkUtSb1ghx/VKsCXzLqyp5IuQdSjy', '$2y$10$Nc12rdh8A/TrslGo5RRL.en/rkUtSb1ghx/VKsCXzLqyp5IuQdSjy', 'update', '2024-05-16 11:21:41'),
('$2y$10$Nc12rdh8A/TrslGo5RRL.en/rkUtSb1ghx/VKsCXzLqyp5IuQdSjy', '$2y$10$Nc12rdh8A/TrslGo5RRL.en/rkUtSb1ghx/VKsCXzLqyp5IuQdSjy', 'update', '2024-05-16 11:22:01'),
('$2y$10$Nc12rdh8A/TrslGo5RRL.en/rkUtSb1ghx/VKsCXzLqyp5IuQdSjy', '$2y$10$Nc12rdh8A/TrslGo5RRL.en/rkUtSb1ghx/VKsCXzLqyp5IuQdSjy', 'update', '2024-05-16 11:22:07'),
('$2y$10$Nc12rdh8A/TrslGo5RRL.en/rkUtSb1ghx/VKsCXzLqyp5IuQdSjy', '$2y$10$Nc12rdh8A/TrslGo5RRL.en/rkUtSb1ghx/VKsCXzLqyp5IuQdSjy', 'update', '2024-05-16 11:22:14'),
('$2y$10$Nc12rdh8A/TrslGo5RRL.en/rkUtSb1ghx/VKsCXzLqyp5IuQdSjy', '$2y$10$Nc12rdh8A/TrslGo5RRL.en/rkUtSb1ghx/VKsCXzLqyp5IuQdSjy', 'update', '2024-05-16 11:22:47'),
('$2y$10$Nc12rdh8A/TrslGo5RRL.en/rkUtSb1ghx/VKsCXzLqyp5IuQdSjy', '$2y$10$Nc12rdh8A/TrslGo5RRL.en/rkUtSb1ghx/VKsCXzLqyp5IuQdSjy', 'update', '2024-05-16 11:22:53'),
('$2y$10$Nc12rdh8A/TrslGo5RRL.en/rkUtSb1ghx/VKsCXzLqyp5IuQdSjy', '$2y$10$Nc12rdh8A/TrslGo5RRL.en/rkUtSb1ghx/VKsCXzLqyp5IuQdSjy', 'update', '2024-05-16 11:23:14'),
('$2y$10$Nc12rdh8A/TrslGo5RRL.en/rkUtSb1ghx/VKsCXzLqyp5IuQdSjy', '$2y$10$Nc12rdh8A/TrslGo5RRL.en/rkUtSb1ghx/VKsCXzLqyp5IuQdSjy', 'update', '2024-05-19 17:48:17'),
('$2y$10$Ty6V5Rsq3sa3o9xdg3wvzurk.4GDfWDD2jnAQBWw0o.X9/abuU5yK', '$2y$10$Ty6V5Rsq3sa3o9xdg3wvzurk.4GDfWDD2jnAQBWw0o.X9/abuU5yK', 'update', '2024-05-19 17:48:24'),
('$2y$10$VlIZBg/m7H0IfFO23/1rFeKWEUXlPNHZ99LkVjubfcUx.VhbW3RNq', '$2y$10$VlIZBg/m7H0IfFO23/1rFeKWEUXlPNHZ99LkVjubfcUx.VhbW3RNq', 'update', '2024-05-19 17:48:28'),
('$2y$10$AwCcAd8yWYJ1uisFewaU4es7KAQLewZ.8It/h6T9cfLrAkQPiCj1O', '$2y$10$AwCcAd8yWYJ1uisFewaU4es7KAQLewZ.8It/h6T9cfLrAkQPiCj1O', 'update', '2024-05-19 17:48:33'),
('$2y$10$jDjtO9kgW3jNviS9GzVSOe1/gQvjc/jN0eFk.rPtK1kz4OeX7xeg6', '$2y$10$jDjtO9kgW3jNviS9GzVSOe1/gQvjc/jN0eFk.rPtK1kz4OeX7xeg6', 'update', '2024-05-19 17:48:38'),
('$2y$10$gp9XECGkkFrLZElrjSRV6eyiMTon4rUStoas0dCU3GpuGj/XthsvK', '$2y$10$gp9XECGkkFrLZElrjSRV6eyiMTon4rUStoas0dCU3GpuGj/XthsvK', 'update', '2024-05-19 17:48:42'),
('$2y$10$W9gCCOEzUIO4.y.PsvvMLOrlaXGt8XuHjodmXZMfulaxTuBhKfh4O', '$2y$10$W9gCCOEzUIO4.y.PsvvMLOrlaXGt8XuHjodmXZMfulaxTuBhKfh4O', 'update', '2024-05-19 17:48:46'),
('$2y$10$qGALdxLPgvOV.hgDeuTbNeVdF9mf86zNrNKGKhGO3t/JC7ejHv9Yu', '$2y$10$qGALdxLPgvOV.hgDeuTbNeVdF9mf86zNrNKGKhGO3t/JC7ejHv9Yu', 'update', '2024-05-19 17:48:50'),
('$2y$10$/xRvSSibu75J9odWRuTlg.ie0cOSWmkp25RWb5rfuOp1dCwFikTFC', '$2y$10$/xRvSSibu75J9odWRuTlg.ie0cOSWmkp25RWb5rfuOp1dCwFikTFC', 'update', '2024-05-19 17:49:02'),
('$2y$10$38Y5VeED/nkAfSwUwAUrruFRb.WFCYI9x9Io4Pqg.ZhfP8uyXOcTO', '$2y$10$38Y5VeED/nkAfSwUwAUrruFRb.WFCYI9x9Io4Pqg.ZhfP8uyXOcTO', 'update', '2024-05-19 17:49:08'),
('$2y$10$ax4eNUxaiVO/lSDrYm40r.uc47OzHvnVb2rkY5gynKd2sN5GKrjsa', '$2y$10$ax4eNUxaiVO/lSDrYm40r.uc47OzHvnVb2rkY5gynKd2sN5GKrjsa', 'update', '2024-05-19 17:49:16'),
('$2y$10$VIjtTBWyH6PhnD7Hybi5HOc9RX7zODhzcYhh76HJWpMv6MwlhtKYK', '$2y$10$VIjtTBWyH6PhnD7Hybi5HOc9RX7zODhzcYhh76HJWpMv6MwlhtKYK', 'update', '2024-05-19 17:49:21'),
('$2y$10$R2fBqslLXvEL2gbulrSNa.ZAm5VzLD.VAAEMPHQ0o5FAwc7HTGr8W', '$2y$10$R2fBqslLXvEL2gbulrSNa.ZAm5VzLD.VAAEMPHQ0o5FAwc7HTGr8W', 'update', '2024-05-19 17:49:25'),
('$2y$10$rQE0y0KfiOItTsrxj/.oDe2G/J78ySu.JD5gp4iogRdj8hPoDkCTS', '$2y$10$rQE0y0KfiOItTsrxj/.oDe2G/J78ySu.JD5gp4iogRdj8hPoDkCTS', 'update', '2024-05-19 17:49:29');

-- --------------------------------------------------------

--
-- Estructura de tabla para la tabla `t_documento`
--

CREATE TABLE `t_documento` (
  `id_doc` int(2) NOT NULL,
  `tipo` varchar(30) NOT NULL
) ENGINE=InnoDB DEFAULT CHARSET=latin1 COLLATE=latin1_swedish_ci;

--
-- Volcado de datos para la tabla `t_documento`
--

INSERT INTO `t_documento` (`id_doc`, `tipo`) VALUES
(1, 'Registro CIvil'),
(2, 'Tarjeta de Identidad'),
(3, 'Cedula de Ciudadania'),
(4, 'Cedula de Extrangeria ');

-- --------------------------------------------------------

--
-- Estructura de tabla para la tabla `usuarios`
--

CREATE TABLE `usuarios` (
  `documento` int(11) NOT NULL,
  `id_doc` int(2) NOT NULL,
  `nombre` varchar(30) NOT NULL,
  `apellido` varchar(30) NOT NULL,
  `id_rh` int(2) NOT NULL,
  `telefono` varchar(12) NOT NULL,
  `correo` varchar(60) CHARACTER SET utf8 COLLATE utf8_general_ci NOT NULL,
  `id_municipio` int(11) NOT NULL,
  `direccion` varchar(100) NOT NULL,
  `password` varchar(500) NOT NULL,
  `id_rol` int(3) NOT NULL,
  `id_estado` int(3) NOT NULL,
  `nit` varchar(10) DEFAULT NULL,
  `token` varchar(6) NOT NULL
) ENGINE=InnoDB DEFAULT CHARSET=latin1 COLLATE=latin1_swedish_ci;

--
-- Volcado de datos para la tabla `usuarios`
--

INSERT INTO `usuarios` (`documento`, `id_doc`, `nombre`, `apellido`, `id_rh`, `telefono`, `correo`, `id_municipio`, `direccion`, `password`, `id_rol`, `id_estado`, `nit`, `token`) VALUES
(38211887, 3, 'Briceida', 'Prada Guzman', 1, '3124237144', 'brisapradaguzman34@gmail.com', 173, 'Cra 2 #75-b31 conjunto villa cristales', '$2y$10$Nc12rdh8A/TrslGo5RRL.en/rkUtSb1ghx/VKsCXzLqyp5IuQdSjy', 2, 3, '9572841630', ''),
(1005717713, 3, 'Aura', 'Olaya', 7, '3173532543', 'olayacristina01@gmail.com', 173, 'calle 60 n 6-16 Prados', '$2y$10$Ty6V5Rsq3sa3o9xdg3wvzurk.4GDfWDD2jnAQBWw0o.X9/abuU5yK', 1, 3, '12378945', ''),
(1006123134, 3, 'yesica', 'gomez', 1, '3136651555', 'yesica@gmail.com', 173, 'arboleda', '$2y$10$VlIZBg/m7H0IfFO23/1rFeKWEUXlPNHZ99LkVjubfcUx.VhbW3RNq', 5, 4, '7461593280', ''),
(1023870638, 3, 'juan david', 'aroca', 7, '3154221202', 'jdaroca83gmail.com', 173, 'mz b casa 8', '$2y$10$AwCcAd8yWYJ1uisFewaU4es7KAQLewZ.8It/h6T9cfLrAkQPiCj1O', 5, 4, '45685297', ''),
(1031540636, 3, 'jeferson', 'cardenal', 7, '3213879832', 'yiyecardenal@gmail.com', 173, 'calle 39 bis', '$2y$10$jDjtO9kgW3jNviS9GzVSOe1/gQvjc/jN0eFk.rPtK1kz4OeX7xeg6', 5, 4, '45685297', ''),
(1104254269, 3, 'daniel', 'montoya', 1, '3193914473', 'danielcamilom96@gmail.com', 173, 'calle 21 con 5', '$2y$10$gp9XECGkkFrLZElrjSRV6eyiMTon4rUStoas0dCU3GpuGj/XthsvK', 5, 4, '45685297', ''),
(1104544454, 4, 'brayan fernando', 'sanchez izquierdo', 1, '3202174961', 'bfsanchez45gmail.com', 173, 'manza c casa 14 barrio la gait', '$2y$10$W9gCCOEzUIO4.y.PsvvMLOrlaXGt8XuHjodmXZMfulaxTuBhKfh4O', 5, 4, '12378945', ''),
(1106226573, 3, 'Santiago ', 'pinilla prada', 2, '3144342215', 'Santiagomagnos63@gmail.com', 173, 'Cra2 #75-b31 ', '$2y$10$qGALdxLPgvOV.hgDeuTbNeVdF9mf86zNrNKGKhGO3t/JC7ejHv9Yu', 1, 3, '9572841630', ''),
(1107975322, 3, 'cristian julian', 'figueroa armero', 7, '3124758405', 'cristianfigueroa040@gmail.com', 173, 'cra 6 # 6-36', '$2y$10$/xRvSSibu75J9odWRuTlg.ie0cOSWmkp25RWb5rfuOp1dCwFikTFC', 5, 4, '45685297', ''),
(1110172890, 3, 'Valentina', 'Mendoza', 7, '3158571494', 'valen.mza.28@gmail.com', 173, 'Barrio Ricaute', '$2y$10$38Y5VeED/nkAfSwUwAUrruFRb.WFCYI9x9Io4Pqg.ZhfP8uyXOcTO', 1, 4, '45685297', ''),
(1110567986, 3, 'julian', 'cladeo', 8, '3154688169', 'mlksklsk@gamil.com', 173, 'lslsklkslklsklkslksl', '$2y$10$ax4eNUxaiVO/lSDrYm40r.uc47OzHvnVb2rkY5gynKd2sN5GKrjsa', 5, 4, '8241763950', ''),
(1111333014, 3, 'Yurica', 'Ducuara', 7, '3212441999', 'yuriducu04@gmail.com', 173, 'mz a casa 13 rosales de tailan', '$2y$10$VIjtTBWyH6PhnD7Hybi5HOc9RX7zODhzcYhh76HJWpMv6MwlhtKYK', 5, 4, '45685297', ''),
(1112823773, 2, 'Esmeralda', 'Gomez', 1, '3215642337', 'esme@gmail.com', 18, 'BarrioPicalena', '$2y$10$VQplaI9PAryaNWyoqSU40.kp0HTlG0K8.QK89xwxlHBFcROE2bC1K', 5, 4, '2836147590', ''),
(1127208301, 3, 'Ohany', 'Garcia', 8, '3102552339', 'yarethohany.6704@gmail.com', 173, 'Caracoli Bloq 15 - 304', '$2y$10$R2fBqslLXvEL2gbulrSNa.ZAm5VzLD.VAAEMPHQ0o5FAwc7HTGr8W', 4, 3, '9572841630', ''),
(1234567892, 2, 'Mateo', 'Ramirez', 7, '3214563423', 'mateo@gmail.com', 36, 'Barrio Suba', '$2y$10$d4hmaFSEcqMOuZ/KncFdcema0.utP5r72c04z5F6VWCfG.ny0Sq1.', 5, 4, '9572841630', ''),
(2147483647, 3, 'jennifer tatiana', 'ortiz goyeneche', 7, '3114409273', 'ortiztatiana1416@gmail.com', 173, 'barrio americas', '$2y$10$rQE0y0KfiOItTsrxj/.oDe2G/J78ySu.JD5gp4iogRdj8hPoDkCTS', 5, 4, '123852789', '');

--
-- Disparadores `usuarios`
--
DELIMITER $$
CREATE TRIGGER `update_contra` AFTER UPDATE ON `usuarios` FOR EACH ROW begin insert into trigg(n_password, v_password, tipo) values(new.password, old.password, 'update'); end
$$
DELIMITER ;

--
-- Índices para tablas volcadas
--

--
-- Indices de la tabla `autorizaciones`
--
ALTER TABLE `autorizaciones`
  ADD PRIMARY KEY (`id_auto`),
  ADD KEY `id_detalle` (`id_detalle`),
  ADD KEY `id_medico` (`docu_medico`),
  ADD KEY `id_estado` (`id_estado`);

--
-- Indices de la tabla `citas`
--
ALTER TABLE `citas`
  ADD PRIMARY KEY (`id_cita`),
  ADD KEY `id_estado` (`id_estado`),
  ADD KEY `id_medico` (`docu_medico`);

--
-- Indices de la tabla `departamentos`
--
ALTER TABLE `departamentos`
  ADD PRIMARY KEY (`id_depart`);

--
-- Indices de la tabla `det_autorizacion`
--
ALTER TABLE `det_autorizacion`
  ADD PRIMARY KEY (`id_detalle`),
  ADD KEY `id_auto` (`id_auto`),
  ADD KEY `id_medicamento` (`id_medicamento`);

--
-- Indices de la tabla `especializacion`
--
ALTER TABLE `especializacion`
  ADD PRIMARY KEY (`id_esp`);

--
-- Indices de la tabla `estados`
--
ALTER TABLE `estados`
  ADD PRIMARY KEY (`id_estado`);

--
-- Indices de la tabla `histo_clinica`
--
ALTER TABLE `histo_clinica`
  ADD PRIMARY KEY (`id_histo`),
  ADD KEY `docu_medico` (`docu_medico`);

--
-- Indices de la tabla `laboratorio`
--
ALTER TABLE `laboratorio`
  ADD PRIMARY KEY (`id_lab`);

--
-- Indices de la tabla `medicamentos`
--
ALTER TABLE `medicamentos`
  ADD PRIMARY KEY (`id_medicamento`),
  ADD KEY `id_cla` (`id_cla`),
  ADD KEY `id_estado` (`id_estado`),
  ADD KEY `id_lab` (`id_lab`);

--
-- Indices de la tabla `medicos`
--
ALTER TABLE `medicos`
  ADD PRIMARY KEY (`docu_medico`),
  ADD KEY `id_rol` (`id_rol`),
  ADD KEY `id_estado` (`id_estado`),
  ADD KEY `id_esp` (`id_esp`),
  ADD KEY `id_doc` (`id_doc`);

--
-- Indices de la tabla `municipios`
--
ALTER TABLE `municipios`
  ADD PRIMARY KEY (`id_municipio`);

--
-- Indices de la tabla `rh`
--
ALTER TABLE `rh`
  ADD PRIMARY KEY (`id_rh`);

--
-- Indices de la tabla `roles`
--
ALTER TABLE `roles`
  ADD PRIMARY KEY (`id_rol`);

--
-- Indices de la tabla `tipo_medicamento`
--
ALTER TABLE `tipo_medicamento`
  ADD PRIMARY KEY (`id_cla`);

--
-- Indices de la tabla `t_documento`
--
ALTER TABLE `t_documento`
  ADD PRIMARY KEY (`id_doc`);

--
-- Indices de la tabla `usuarios`
--
ALTER TABLE `usuarios`
  ADD PRIMARY KEY (`documento`),
  ADD KEY `id_doc` (`id_doc`),
  ADD KEY `id_rh` (`id_rh`),
  ADD KEY `id_rol` (`id_rol`),
  ADD KEY `id_estado` (`id_estado`),
  ADD KEY `id_ciudad` (`id_municipio`);

--
-- AUTO_INCREMENT de las tablas volcadas
--

--
-- AUTO_INCREMENT de la tabla `autorizaciones`
--
ALTER TABLE `autorizaciones`
  MODIFY `id_auto` int(11) NOT NULL AUTO_INCREMENT, AUTO_INCREMENT=2;

--
-- AUTO_INCREMENT de la tabla `citas`
--
ALTER TABLE `citas`
  MODIFY `id_cita` int(11) NOT NULL AUTO_INCREMENT, AUTO_INCREMENT=20;

--
-- AUTO_INCREMENT de la tabla `departamentos`
--
ALTER TABLE `departamentos`
  MODIFY `id_depart` int(11) NOT NULL AUTO_INCREMENT, AUTO_INCREMENT=34;

--
-- AUTO_INCREMENT de la tabla `det_autorizacion`
--
ALTER TABLE `det_autorizacion`
  MODIFY `id_detalle` int(11) NOT NULL AUTO_INCREMENT, AUTO_INCREMENT=2;

--
-- AUTO_INCREMENT de la tabla `especializacion`
--
ALTER TABLE `especializacion`
  MODIFY `id_esp` int(3) NOT NULL AUTO_INCREMENT, AUTO_INCREMENT=16;

--
-- AUTO_INCREMENT de la tabla `estados`
--
ALTER TABLE `estados`
  MODIFY `id_estado` int(3) NOT NULL AUTO_INCREMENT, AUTO_INCREMENT=12;

--
-- AUTO_INCREMENT de la tabla `histo_clinica`
--
ALTER TABLE `histo_clinica`
  MODIFY `id_histo` int(11) NOT NULL AUTO_INCREMENT, AUTO_INCREMENT=1284;

--
-- AUTO_INCREMENT de la tabla `laboratorio`
--
ALTER TABLE `laboratorio`
  MODIFY `id_lab` int(4) NOT NULL AUTO_INCREMENT, AUTO_INCREMENT=12;

--
-- AUTO_INCREMENT de la tabla `medicamentos`
--
ALTER TABLE `medicamentos`
  MODIFY `id_medicamento` int(11) NOT NULL AUTO_INCREMENT, AUTO_INCREMENT=3;

--
-- AUTO_INCREMENT de la tabla `municipios`
--
ALTER TABLE `municipios`
  MODIFY `id_municipio` int(11) NOT NULL AUTO_INCREMENT, AUTO_INCREMENT=693237;

--
-- AUTO_INCREMENT de la tabla `rh`
--
ALTER TABLE `rh`
  MODIFY `id_rh` int(2) NOT NULL AUTO_INCREMENT, AUTO_INCREMENT=9;

--
-- AUTO_INCREMENT de la tabla `roles`
--
ALTER TABLE `roles`
  MODIFY `id_rol` int(3) NOT NULL AUTO_INCREMENT, AUTO_INCREMENT=6;

--
-- AUTO_INCREMENT de la tabla `tipo_medicamento`
--
ALTER TABLE `tipo_medicamento`
  MODIFY `id_cla` int(3) NOT NULL AUTO_INCREMENT, AUTO_INCREMENT=11;

--
-- AUTO_INCREMENT de la tabla `t_documento`
--
ALTER TABLE `t_documento`
  MODIFY `id_doc` int(2) NOT NULL AUTO_INCREMENT, AUTO_INCREMENT=5;

--
-- Restricciones para tablas volcadas
--

--
-- Filtros para la tabla `medicamentos`
--
ALTER TABLE `medicamentos`
  ADD CONSTRAINT `medicamentos_ibfk_1` FOREIGN KEY (`id_cla`) REFERENCES `tipo_medicamento` (`id_cla`) ON DELETE CASCADE ON UPDATE CASCADE,
  ADD CONSTRAINT `medicamentos_ibfk_2` FOREIGN KEY (`id_estado`) REFERENCES `estados` (`id_estado`) ON DELETE CASCADE ON UPDATE CASCADE,
  ADD CONSTRAINT `medicamentos_ibfk_3` FOREIGN KEY (`id_lab`) REFERENCES `laboratorio` (`id_lab`) ON DELETE CASCADE ON UPDATE CASCADE;

--
-- Filtros para la tabla `medicos`
--
ALTER TABLE `medicos`
  ADD CONSTRAINT `medicos_ibfk_1` FOREIGN KEY (`id_rol`) REFERENCES `roles` (`id_rol`) ON DELETE CASCADE ON UPDATE CASCADE,
  ADD CONSTRAINT `medicos_ibfk_2` FOREIGN KEY (`id_estado`) REFERENCES `estados` (`id_estado`) ON DELETE CASCADE ON UPDATE CASCADE,
  ADD CONSTRAINT `medicos_ibfk_3` FOREIGN KEY (`id_esp`) REFERENCES `especializacion` (`id_esp`) ON DELETE CASCADE ON UPDATE CASCADE,
  ADD CONSTRAINT `medicos_ibfk_4` FOREIGN KEY (`id_doc`) REFERENCES `t_documento` (`id_doc`) ON DELETE CASCADE ON UPDATE CASCADE;
COMMIT;

/*!40101 SET CHARACTER_SET_CLIENT=@OLD_CHARACTER_SET_CLIENT */;
/*!40101 SET CHARACTER_SET_RESULTS=@OLD_CHARACTER_SET_RESULTS */;
/*!40101 SET COLLATION_CONNECTION=@OLD_COLLATION_CONNECTION */;
